Date,Total Industrial Blue WF
1/1/2015,34248.8509
1/2/2015,21668.5765
1/3/2015,90363.9566
1/4/2015,71559.7380
1/5/2015,13307.0881
1/6/2015,115433.8876
1/7/2015,147932.6797
1/8/2015,121052.1816
1/9/2015,11345.1284
1/10/2015,43958.5396
1/11/2015,20136.4671
1/12/2015,13642.5211
1/13/2015,14723.4723
1/14/2015,88360.4832
1/15/2015,91773.8618
1/16/2015,27359.9681
1/17/2015,139160.0481
1/18/2015,30659.9768
1/19/2015,136558.1724
1/20/2015,124020.5135
1/21/2015,59704.5805
1/22/2015,102659.6622
1/23/2015,112293.9426
1/24/2015,67606.3597
1/25/2015,31782.7375
1/26/2015,7439.0532
1/27/2015,147534.7002
1/28/2015,63017.8900
1/29/2015,20994.6231
1/30/2015,99664.6229
1/31/2015,89880.7168
2/1/2015,9269.1118
2/2/2015,51100.5202
2/3/2015,36418.9306
2/4/2015,97146.4941
2/5/2015,39050.7274
2/6/2015,21963.2508
2/7/2015,88915.3000
2/8/2015,8638.9730
2/9/2015,41153.7759
2/10/2015,117026.5056
2/11/2015,34905.3736
2/12/2015,44109.3439
2/13/2015,60649.9298
2/14/2015,99593.1935
2/15/2015,50002.9482
2/16/2015,29385.2466
2/17/2015,43063.6191
2/18/2015,110145.1896
2/19/2015,87075.2395
2/20/2015,68691.2761
2/21/2015,86050.0478
2/22/2015,50150.5926
2/23/2015,75323.5869
2/24/2015,128983.9272
2/25/2015,28342.6827
2/26/2015,63979.2343
2/27/2015,54649.6625
2/28/2015,10602.3166
3/1/2015,79869.7005
3/2/2015,19197.0774
3/3/2015,19147.9353
3/4/2015,41913.2380
3/5/2015,46912.0540
3/6/2015,61016.0799
3/7/2015,28381.2691
3/8/2015,102640.8184
3/9/2015,86307.1654
3/10/2015,52346.7723
3/11/2015,15047.5785
3/12/2015,94153.5207
3/13/2015,85127.3768
3/14/2015,74860.1145
3/15/2015,13218.5670
3/16/2015,72931.5722
3/17/2015,82138.9418
3/18/2015,91418.8293
3/19/2015,79932.4145
3/20/2015,72768.0398
3/21/2015,94238.4050
3/22/2015,85456.9107
3/23/2015,58951.2015
3/24/2015,87053.6040
3/25/2015,16207.3564
3/26/2015,44210.3582
3/27/2015,79981.8279
3/28/2015,92094.5850
3/29/2015,72350.7418
3/30/2015,89181.8436
3/31/2015,22809.1004
4/1/2015,38671.5715
4/2/2015,53038.9744
4/3/2015,13903.7477
4/4/2015,98980.0747
4/5/2015,69219.6209
4/6/2015,13408.0289
4/7/2015,68587.8411
4/8/2015,27608.9053
4/9/2015,44170.3439
4/10/2015,58163.4643
4/11/2015,49116.2403
4/12/2015,81747.1065
4/13/2015,39824.5180
4/14/2015,30905.7675
4/15/2015,50203.6865
4/16/2015,79473.5287
4/17/2015,84615.1317
4/18/2015,31864.6000
4/19/2015,48581.4468
4/20/2015,70150.4204
4/21/2015,28517.0046
4/22/2015,80827.0590
4/23/2015,87908.9690
4/24/2015,81632.5790
4/25/2015,11546.8243
4/26/2015,87012.7479
4/27/2015,67065.8543
4/28/2015,73028.7795
4/29/2015,76351.2286
4/30/2015,49956.9349
5/1/2015,33166.3093
5/2/2015,49632.4708
5/3/2015,63583.2764
5/4/2015,56743.5037
5/5/2015,34314.0919
5/6/2015,51299.3009
5/7/2015,23441.8996
5/8/2015,37764.0551
5/9/2015,39908.5611
5/10/2015,97645.8076
5/11/2015,67334.6799
5/12/2015,105261.5785
5/13/2015,92924.0289
5/14/2015,88170.7111
5/15/2015,54836.4308
5/16/2015,87094.7952
5/17/2015,102316.9247
5/18/2015,68203.4242
5/19/2015,27971.7699
5/20/2015,104496.2624
5/21/2015,110223.9063
5/22/2015,35480.3716
5/23/2015,28591.0839
5/24/2015,79753.4846
5/25/2015,93567.1772
5/26/2015,27979.3555
5/27/2015,50627.7202
5/28/2015,35923.2891
5/29/2015,65807.5393
5/30/2015,45723.7439
5/31/2015,37212.4464
6/1/2015,66403.6224
6/2/2015,35101.6652
6/3/2015,51202.1516
6/4/2015,76371.8992
6/5/2015,64962.4094
6/6/2015,16722.5969
6/7/2015,64083.5231
6/8/2015,62923.8749
6/9/2015,63004.3031
6/10/2015,17366.7537
6/11/2015,61854.2905
6/12/2015,17575.3345
6/13/2015,32622.4820
6/14/2015,63395.0848
6/15/2015,20665.5010
6/16/2015,45376.9350
6/17/2015,39508.6732
6/18/2015,14325.1395
6/19/2015,74752.2395
6/20/2015,41553.8262
6/21/2015,14368.4674
6/22/2015,44379.7799
6/23/2015,78405.7298
6/24/2015,29908.5692
6/25/2015,63233.4863
6/26/2015,26697.8418
6/27/2015,58866.1209
6/28/2015,55985.0512
6/29/2015,63388.5214
6/30/2015,41892.1264
7/1/2015,31948.7452
7/2/2015,126410.0403
7/3/2015,54366.1042
7/4/2015,24240.1971
7/5/2015,68744.9436
7/6/2015,34812.0412
7/7/2015,55526.4540
7/8/2015,35613.6082
7/9/2015,26285.5599
7/10/2015,75990.5119
7/11/2015,77470.8322
7/12/2015,28786.2453
7/13/2015,87181.9457
7/14/2015,21178.1510
7/15/2015,13596.6127
7/16/2015,91201.9875
7/17/2015,104989.3433
7/18/2015,114582.1308
7/19/2015,117131.1771
7/20/2015,104270.4627
7/21/2015,124415.4380
7/22/2015,33370.2098
7/23/2015,96742.9268
7/24/2015,108038.4169
7/25/2015,68076.6934
7/26/2015,20080.8166
7/27/2015,16865.1401
7/28/2015,69026.0239
7/29/2015,74211.5778
7/30/2015,65865.8205
7/31/2015,21741.8425
8/1/2015,92184.8083
8/2/2015,82654.8603
8/3/2015,193249.0525
8/4/2015,157893.4191
8/5/2015,182104.2606
8/6/2015,22436.5894
8/7/2015,113584.9852
8/8/2015,165731.1109
8/9/2015,97324.2956
8/10/2015,118426.5352
8/11/2015,108449.5088
8/12/2015,126223.9789
8/13/2015,179620.5053
8/14/2015,117819.3296
8/15/2015,53389.5842
8/16/2015,128923.2866
8/17/2015,148409.4410
8/18/2015,132491.8443
8/19/2015,114312.8629
8/20/2015,107176.3186
8/21/2015,159366.9685
8/22/2015,144059.8862
8/23/2015,65620.2485
8/24/2015,93050.5460
8/25/2015,82243.7856
8/26/2015,130892.6252
8/27/2015,188024.6839
8/28/2015,116175.7123
8/29/2015,84535.4472
8/30/2015,75198.2907
8/31/2015,187921.2284
9/1/2015,78669.4204
9/2/2015,112188.6716
9/3/2015,99148.0574
9/4/2015,39619.8456
9/5/2015,73751.5644
9/6/2015,106622.1192
9/7/2015,43853.9723
9/8/2015,113694.7508
9/9/2015,52100.4215
9/10/2015,113287.3152
9/11/2015,23947.7295
9/12/2015,49866.9382
9/13/2015,11849.8830
9/14/2015,46169.7647
9/15/2015,52184.2853
9/16/2015,50911.1492
9/17/2015,102379.4473
9/18/2015,50524.3967
9/19/2015,77850.0413
9/20/2015,80007.2237
9/21/2015,62696.2493
9/22/2015,67396.9948
9/23/2015,60702.0554
9/24/2015,57744.3212
9/25/2015,32027.0312
9/26/2015,54566.0690
9/27/2015,9992.2366
9/28/2015,29670.2341
9/29/2015,52009.4475
9/30/2015,113487.3636
10/1/2015,81302.2440
10/2/2015,38354.0548
10/3/2015,74775.1975
10/4/2015,33531.9652
10/5/2015,73764.4011
10/6/2015,13968.7942
10/7/2015,94033.4445
10/8/2015,9601.1475
10/9/2015,25481.2384
10/10/2015,72278.8270
10/11/2015,14853.9649
10/12/2015,92036.0424
10/13/2015,108336.1128
10/14/2015,109328.8633
10/15/2015,119133.7049
10/16/2015,128770.4351
10/17/2015,124501.6144
10/18/2015,20717.3968
10/19/2015,21074.3627
10/20/2015,35570.7092
10/21/2015,60852.4643
10/22/2015,62125.5330
10/23/2015,10871.3668
10/24/2015,95829.8480
10/25/2015,108995.0693
10/26/2015,84999.9158
10/27/2015,107868.7861
10/28/2015,98279.4432
10/29/2015,47677.0306
10/30/2015,77023.3070
10/31/2015,12740.7149
11/1/2015,72099.0805
11/2/2015,15731.0496
11/3/2015,101837.3032
11/4/2015,31002.2965
11/5/2015,8567.8012
11/6/2015,73009.2488
11/7/2015,121131.9296
11/8/2015,7894.3690
11/9/2015,59137.6857
11/10/2015,42266.0299
11/11/2015,105595.7639
11/12/2015,77080.4018
11/13/2015,34664.3334
11/14/2015,119497.1159
11/15/2015,59193.6662
11/16/2015,13038.2160
11/17/2015,15572.6754
11/18/2015,15567.9262
11/19/2015,108270.9901
11/20/2015,43861.9921
11/21/2015,44969.6124
11/22/2015,71702.7241
11/23/2015,31209.5290
11/24/2015,92169.8240
11/25/2015,53344.9513
11/26/2015,107530.8510
11/27/2015,35140.2844
11/28/2015,101271.1617
11/29/2015,101157.1237
11/30/2015,88709.0637
12/1/2015,42211.3458
12/2/2015,66717.2824
12/3/2015,54906.2448
12/4/2015,63692.0853
12/5/2015,40410.6011
12/6/2015,91155.8926
12/7/2015,67570.1170
12/8/2015,80832.0484
12/9/2015,61226.1794
12/10/2015,89047.3551
12/11/2015,53762.2128
12/12/2015,89969.7089
12/13/2015,75236.9789
12/14/2015,65937.5942
12/15/2015,24672.6578
12/16/2015,69323.2873
12/17/2015,42402.6649
12/18/2015,82204.1347
12/19/2015,48528.9842
12/20/2015,77323.3571
12/21/2015,92645.2955
12/22/2015,37794.9354
12/23/2015,55381.3181
12/24/2015,17145.4000
12/25/2015,20087.6934
12/26/2015,13684.3095
12/27/2015,15759.4004
12/28/2015,16673.1838
12/29/2015,37418.3764
12/30/2015,89471.2877
12/31/2015,44681.0671
1/1/2016,76058.5932
1/2/2016,70853.7223
1/3/2016,32412.2964
1/4/2016,79841.9072
1/5/2016,69916.8997
1/6/2016,63593.3045
1/7/2016,87167.0222
1/8/2016,91325.9273
1/9/2016,68396.9006
1/10/2016,23208.1603
1/11/2016,47685.7618
1/12/2016,76718.9053
1/13/2016,90524.5061
1/14/2016,63137.4193
1/15/2016,36116.2424
1/16/2016,104474.0291
1/17/2016,101290.7777
1/18/2016,78050.4265
1/19/2016,100526.5486
1/20/2016,114983.3736
1/21/2016,60613.9226
1/22/2016,54927.6925
1/23/2016,50846.7320
1/24/2016,26548.1982
1/25/2016,36237.1429
1/26/2016,73048.8374
1/27/2016,57841.6158
1/28/2016,13596.9439
1/29/2016,89181.0805
1/30/2016,51099.6780
1/31/2016,64800.4321
2/1/2016,96792.0968
2/2/2016,44134.5565
2/3/2016,44345.0174
2/4/2016,64749.7116
2/5/2016,86575.0969
2/6/2016,96090.3544
2/7/2016,85450.3860
2/8/2016,65447.6742
2/9/2016,45886.8357
2/10/2016,7006.1173
2/11/2016,71384.4665
2/12/2016,47094.4196
2/13/2016,41013.2184
2/14/2016,59020.5335
2/15/2016,95426.6120
2/16/2016,58475.4660
2/17/2016,67860.9281
2/18/2016,95230.8756
2/19/2016,14081.2659
2/20/2016,93257.0687
2/21/2016,84540.6314
2/22/2016,64236.6013
2/23/2016,9451.0925
2/24/2016,45824.4368
2/25/2016,65286.2247
2/26/2016,101497.4396
2/27/2016,45160.7580
2/28/2016,78865.1342
2/29/2016,68135.9803
3/1/2016,78083.0452
3/2/2016,88583.8469
3/3/2016,88824.8348
3/4/2016,68632.0523
3/5/2016,95140.9998
3/6/2016,72253.3899
3/7/2016,96153.2948
3/8/2016,23042.0191
3/9/2016,97398.2519
3/10/2016,25559.0840
3/11/2016,39718.9880
3/12/2016,8244.7962
3/13/2016,12937.9346
3/14/2016,86701.1669
3/15/2016,47320.4995
3/16/2016,9614.4167
3/17/2016,96133.9716
3/18/2016,62451.1432
3/19/2016,16552.5229
3/20/2016,83849.1457
3/21/2016,55192.0315
3/22/2016,33823.4462
3/23/2016,82257.3217
3/24/2016,63035.8466
3/25/2016,36773.5683
3/26/2016,56885.5022
3/27/2016,58319.2455
3/28/2016,10189.1617
3/29/2016,35538.3144
3/30/2016,21276.0349
3/31/2016,95887.1230
4/1/2016,66193.0379
4/2/2016,108734.6770
4/3/2016,31107.5939
4/4/2016,73612.5071
4/5/2016,34200.5723
4/6/2016,43547.2356
4/7/2016,76777.4943
4/8/2016,49517.5184
4/9/2016,44819.1428
4/10/2016,48801.8690
4/11/2016,6616.5816
4/12/2016,30223.6043
4/13/2016,11899.5660
4/14/2016,107986.7573
4/15/2016,43657.9158
4/16/2016,91251.8616
4/17/2016,38275.6592
4/18/2016,27429.8468
4/19/2016,105068.6990
4/20/2016,46205.9709
4/21/2016,72773.3030
4/22/2016,81245.5404
4/23/2016,81022.3732
4/24/2016,69439.4374
4/25/2016,25100.4550
4/26/2016,43745.1480
4/27/2016,20290.4829
4/28/2016,52640.4113
4/29/2016,67720.0173
4/30/2016,22938.7208
5/1/2016,64830.8811
5/2/2016,51861.2053
5/3/2016,88680.3528
5/4/2016,89277.5174
5/5/2016,18411.8700
5/6/2016,65524.8373
5/7/2016,81776.0423
5/8/2016,9744.6511
5/9/2016,6877.5354
5/10/2016,102124.9321
5/11/2016,37609.7053
5/12/2016,82675.7977
5/13/2016,92549.1159
5/14/2016,79913.7693
5/15/2016,45329.3404
5/16/2016,72886.3754
5/17/2016,91074.8886
5/18/2016,15688.8046
5/19/2016,77519.7131
5/20/2016,90047.2464
5/21/2016,67531.9280
5/22/2016,53160.1788
5/23/2016,34045.3496
5/24/2016,73675.8130
5/25/2016,34129.0988
5/26/2016,21418.0506
5/27/2016,33491.8068
5/28/2016,50912.7151
5/29/2016,98023.1820
5/30/2016,30318.2406
5/31/2016,86790.0550
6/1/2016,73962.2303
6/2/2016,63961.7323
6/3/2016,14674.7033
6/4/2016,99697.8902
6/5/2016,50238.5822
6/6/2016,16517.1667
6/7/2016,32657.2884
6/8/2016,18376.9886
6/9/2016,69332.5757
6/10/2016,9204.5824
6/11/2016,88895.2106
6/12/2016,31765.5903
6/13/2016,96079.3457
6/14/2016,28987.9448
6/15/2016,10883.7732
6/16/2016,31866.6552
6/17/2016,13121.5337
6/18/2016,92370.4462
6/19/2016,87938.3052
6/20/2016,93466.1135
6/21/2016,57726.1058
6/22/2016,21037.9211
6/23/2016,54363.7441
6/24/2016,50795.2848
6/25/2016,91785.3224
6/26/2016,91591.1489
6/27/2016,93440.7974
6/28/2016,52689.0502
6/29/2016,72232.7336
6/30/2016,28561.2331
7/1/2016,18629.2502
7/2/2016,78739.8997
7/3/2016,51140.9904
7/4/2016,48759.2685
7/5/2016,16024.1093
7/6/2016,46578.9002
7/7/2016,109554.7630
7/8/2016,43364.2784
7/9/2016,124754.4240
7/10/2016,25083.4319
7/11/2016,98443.2161
7/12/2016,65367.1074
7/13/2016,109019.0294
7/14/2016,15948.9329
7/15/2016,117548.6297
7/16/2016,61090.4834
7/17/2016,48141.3116
7/18/2016,105467.1666
7/19/2016,48502.0795
7/20/2016,111929.1017
7/21/2016,9984.0797
7/22/2016,97117.6664
7/23/2016,106411.6877
7/24/2016,100001.6301
7/25/2016,73074.4737
7/26/2016,58359.4084
7/27/2016,76734.1842
7/28/2016,101106.4266
7/29/2016,100448.8408
7/30/2016,44772.6070
7/31/2016,107865.6217
8/1/2016,26741.9636
8/2/2016,169899.3556
8/3/2016,110979.4051
8/4/2016,165873.4557
8/5/2016,29357.2104
8/6/2016,162797.1988
8/7/2016,147153.0461
8/8/2016,9585.9011
8/9/2016,222964.0797
8/10/2016,11603.4963
8/11/2016,263840.3831
8/12/2016,188257.2528
8/13/2016,127697.9826
8/14/2016,238274.9143
8/15/2016,15937.3890
8/16/2016,244507.1095
8/17/2016,27297.3135
8/18/2016,246666.8489
8/19/2016,261472.1932
8/20/2016,229039.2659
8/21/2016,170853.0969
8/22/2016,164555.6009
8/23/2016,62720.6638
8/24/2016,132721.1905
8/25/2016,230606.8583
8/26/2016,7437.1184
8/27/2016,218829.5507
8/28/2016,119971.8552
8/29/2016,40120.7223
8/30/2016,32606.7823
8/31/2016,165498.7956
9/1/2016,83025.0177
9/2/2016,112964.9878
9/3/2016,169416.2210
9/4/2016,237468.4238
9/5/2016,240966.6690
9/6/2016,123156.9760
9/7/2016,265485.8135
9/8/2016,141281.1866
9/9/2016,35008.3589
9/10/2016,30805.5676
9/11/2016,202334.1939
9/12/2016,143501.0015
9/13/2016,101646.6663
9/14/2016,133661.1151
9/15/2016,15406.1809
9/16/2016,26456.9411
9/17/2016,41592.4280
9/18/2016,200549.2326
9/19/2016,122494.8138
9/20/2016,243148.3987
9/21/2016,259690.8454
9/22/2016,106366.7577
9/23/2016,64228.4047
9/24/2016,149194.5901
9/25/2016,28691.2828
9/26/2016,212921.7355
9/27/2016,259888.9562
9/28/2016,138645.7259
9/29/2016,42627.1681
9/30/2016,47432.3400
10/1/2016,82516.4773
10/2/2016,73037.0485
10/3/2016,76554.0736
10/4/2016,139908.3756
10/5/2016,68104.8060
10/6/2016,70514.2669
10/7/2016,125776.0790
10/8/2016,54889.6431
10/9/2016,120232.6221
10/10/2016,30422.7534
10/11/2016,60370.2676
10/12/2016,119750.6216
10/13/2016,82879.8979
10/14/2016,55367.4695
10/15/2016,66245.2173
10/16/2016,129737.3287
10/17/2016,8731.1356
10/18/2016,109927.1702
10/19/2016,119238.9405
10/20/2016,29710.6037
10/21/2016,58493.9272
10/22/2016,60492.5173
10/23/2016,62483.6070
10/24/2016,74802.4606
10/25/2016,33020.7858
10/26/2016,72138.9851
10/27/2016,29325.7025
10/28/2016,104902.5815
10/29/2016,92705.1639
10/30/2016,143870.0382
10/31/2016,104655.4328
11/1/2016,29130.4961
11/2/2016,18063.8682
11/3/2016,34886.6161
11/4/2016,107779.9988
11/5/2016,107185.7638
11/6/2016,45730.8682
11/7/2016,77945.5106
11/8/2016,71655.8513
11/9/2016,136904.8921
11/10/2016,65233.3406
11/11/2016,28699.0566
11/12/2016,18559.6957
11/13/2016,131309.6121
11/14/2016,136726.3446
11/15/2016,52448.1070
11/16/2016,97827.4781
11/17/2016,116007.8539
11/18/2016,139011.1914
11/19/2016,18958.0853
11/20/2016,138893.5191
11/21/2016,53127.9756
11/22/2016,60946.7329
11/23/2016,103499.7978
11/24/2016,31119.4345
11/25/2016,48749.9731
11/26/2016,139588.5192
11/27/2016,96240.1256
11/28/2016,65304.6551
11/29/2016,121100.9708
11/30/2016,37566.6659
12/1/2016,113619.2898
12/2/2016,104795.2810
12/3/2016,119059.0711
12/4/2016,10705.3819
12/5/2016,9100.1613
12/6/2016,18664.8617
12/7/2016,108488.0402
12/8/2016,68979.7419
12/9/2016,21305.1448
12/10/2016,45484.4254
12/11/2016,30653.7374
12/12/2016,104802.8900
12/13/2016,74296.0460
12/14/2016,133352.2786
12/15/2016,53072.8154
12/16/2016,127891.1000
12/17/2016,114138.1436
12/18/2016,120682.9646
12/19/2016,12556.1770
12/20/2016,104761.7016
12/21/2016,44374.8728
12/22/2016,22234.9088
12/23/2016,108684.9422
12/24/2016,146107.6200
12/25/2016,13623.0610
12/26/2016,51251.5103
12/27/2016,14635.6061
12/28/2016,88650.2363
12/29/2016,97983.1367
12/30/2016,57893.8666
12/31/2016,23350.9859
1/1/2017,46614.4740
1/2/2017,102933.4766
1/3/2017,103249.6888
1/4/2017,77803.3862
1/5/2017,103262.9177
1/6/2017,68549.2901
1/7/2017,8866.8059
1/8/2017,107243.5857
1/9/2017,14158.8901
1/10/2017,98678.0743
1/11/2017,72399.9214
1/12/2017,83651.1315
1/13/2017,36274.0751
1/14/2017,58409.6369
1/15/2017,40805.2030
1/16/2017,53916.2190
1/17/2017,67362.1933
1/18/2017,19331.3887
1/19/2017,25998.3339
1/20/2017,16578.1542
1/21/2017,61880.7478
1/22/2017,32160.1737
1/23/2017,84184.8303
1/24/2017,21137.5823
1/25/2017,93260.7099
1/26/2017,105938.1470
1/27/2017,97741.2712
1/28/2017,34277.8740
1/29/2017,73112.0082
1/30/2017,62242.0712
1/31/2017,49308.7379
2/1/2017,34718.4660
2/2/2017,90218.1492
2/3/2017,7370.5682
2/4/2017,58699.8574
2/5/2017,28961.9901
2/6/2017,106482.8679
2/7/2017,36809.4739
2/8/2017,80334.7920
2/9/2017,114039.1854
2/10/2017,56828.4582
2/11/2017,94076.2965
2/12/2017,18482.5048
2/13/2017,12219.9265
2/14/2017,97509.3341
2/15/2017,80210.0176
2/16/2017,31148.1111
2/17/2017,52541.1515
2/18/2017,60842.3829
2/19/2017,106435.4704
2/20/2017,84048.7933
2/21/2017,81371.3954
2/22/2017,89023.5882
2/23/2017,113223.3321
2/24/2017,40598.5824
2/25/2017,85283.5941
2/26/2017,27486.1476
2/27/2017,27810.4020
2/28/2017,51326.1610
3/1/2017,124908.9935
3/2/2017,71460.3624
3/3/2017,19109.4613
3/4/2017,56924.4221
3/5/2017,35460.0753
3/6/2017,84089.1628
3/7/2017,112820.4167
3/8/2017,97161.0014
3/9/2017,91128.2471
3/10/2017,68301.2710
3/11/2017,30298.4118
3/12/2017,21036.5218
3/13/2017,29687.5426
3/14/2017,32785.0693
3/15/2017,114969.8397
3/16/2017,42126.1644
3/17/2017,85169.0765
3/18/2017,13901.9882
3/19/2017,19355.7595
3/20/2017,12600.9567
3/21/2017,34907.0222
3/22/2017,109023.4162
3/23/2017,128709.1845
3/24/2017,115644.3977
3/25/2017,33399.2525
3/26/2017,70807.1727
3/27/2017,104618.1236
3/28/2017,131605.2155
3/29/2017,86466.5106
3/30/2017,68034.3538
3/31/2017,12977.6064
4/1/2017,93892.8648
4/2/2017,80550.5288
4/3/2017,17970.5998
4/4/2017,67362.4661
4/5/2017,92228.8077
4/6/2017,85071.8699
4/7/2017,113212.5130
4/8/2017,23404.1300
4/9/2017,8611.2648
4/10/2017,90329.2645
4/11/2017,37612.8924
4/12/2017,84123.8403
4/13/2017,61512.5904
4/14/2017,102495.0776
4/15/2017,131440.3001
4/16/2017,40185.6817
4/17/2017,33460.6038
4/18/2017,124942.8032
4/19/2017,78331.4945
4/20/2017,71212.6091
4/21/2017,19649.1437
4/22/2017,69974.9176
4/23/2017,49433.1692
4/24/2017,46335.5097
4/25/2017,57093.0006
4/26/2017,85981.5632
4/27/2017,123568.5974
4/28/2017,95851.9454
4/29/2017,94129.3199
4/30/2017,94106.6308
5/1/2017,121314.2773
5/2/2017,20578.1946
5/3/2017,32432.6721
5/4/2017,85438.9682
5/5/2017,126881.2282
5/6/2017,45118.1051
5/7/2017,18578.6445
5/8/2017,124065.1209
5/9/2017,110705.9917
5/10/2017,115618.2127
5/11/2017,47612.2377
5/12/2017,98437.1234
5/13/2017,26730.4308
5/14/2017,119891.8726
5/15/2017,91833.2866
5/16/2017,70145.5193
5/17/2017,10759.3330
5/18/2017,83304.8637
5/19/2017,89218.1295
5/20/2017,13625.6445
5/21/2017,35373.7162
5/22/2017,82610.5898
5/23/2017,114918.6697
5/24/2017,48501.9247
5/25/2017,9954.2395
5/26/2017,89681.4584
5/27/2017,27204.2801
5/28/2017,89142.9370
5/29/2017,28847.4487
5/30/2017,48690.2599
5/31/2017,11983.6196
6/1/2017,106188.7163
6/2/2017,9709.3036
6/3/2017,62186.1104
6/4/2017,28108.3627
6/5/2017,149500.1135
6/6/2017,13034.5180
6/7/2017,112480.9226
6/8/2017,79942.2211
6/9/2017,125456.6743
6/10/2017,88200.6686
6/11/2017,26211.2402
6/12/2017,51116.2353
6/13/2017,65935.8792
6/14/2017,156593.3949
6/15/2017,98322.5436
6/16/2017,104418.6119
6/17/2017,9295.7740
6/18/2017,4755.2430
6/19/2017,32432.1017
6/20/2017,82378.4497
6/21/2017,66310.0382
6/22/2017,12463.0916
6/23/2017,54648.4659
6/24/2017,98607.9860
6/25/2017,10505.7179
6/26/2017,114884.3320
6/27/2017,27001.2430
6/28/2017,79991.5890
6/29/2017,5340.4983
6/30/2017,4004.9534
7/1/2017,96738.2450
7/2/2017,21156.0281
7/3/2017,149559.0447
7/4/2017,10574.5739
7/5/2017,132411.3540
7/6/2017,158409.5687
7/7/2017,31275.2092
7/8/2017,66163.8281
7/9/2017,106519.9392
7/10/2017,32250.5146
7/11/2017,98838.4614
7/12/2017,72584.7549
7/13/2017,28486.2756
7/14/2017,45534.4580
7/15/2017,174721.3599
7/16/2017,103336.4159
7/17/2017,8832.7777
7/18/2017,14708.2148
7/19/2017,44631.8147
7/20/2017,58843.9068
7/21/2017,47582.1725
7/22/2017,33061.3990
7/23/2017,146248.4305
7/24/2017,44427.2586
7/25/2017,153952.9748
7/26/2017,123695.7479
7/27/2017,99417.8757
7/28/2017,116179.8720
7/29/2017,72027.2802
7/30/2017,179119.6320
7/31/2017,105796.6116
8/1/2017,3610.3105
8/2/2017,37155.2598
8/3/2017,112843.4897
8/4/2017,109842.6890
8/5/2017,26212.3922
8/6/2017,59389.4649
8/7/2017,72847.2745
8/8/2017,48692.3615
8/9/2017,21643.3374
8/10/2017,67111.4786
8/11/2017,21370.6396
8/12/2017,79332.7395
8/13/2017,8146.2224
8/14/2017,109136.0054
8/15/2017,57286.9276
8/16/2017,53764.2276
8/17/2017,71113.6391
8/18/2017,105241.0616
8/19/2017,35792.9601
8/20/2017,117426.4718
8/21/2017,51903.2874
8/22/2017,104127.8479
8/23/2017,28281.5972
8/24/2017,85545.9989
8/25/2017,90912.0250
8/26/2017,105881.5000
8/27/2017,51088.0368
8/28/2017,84891.3184
8/29/2017,50970.3968
8/30/2017,120517.5649
8/31/2017,20256.4737
9/1/2017,101686.6934
9/2/2017,32614.6988
9/3/2017,101694.1199
9/4/2017,117162.1167
9/5/2017,52780.5591
9/6/2017,32829.6474
9/7/2017,109618.7437
9/8/2017,12221.9452
9/9/2017,16531.0560
9/10/2017,68237.2778
9/11/2017,88726.6894
9/12/2017,33228.3654
9/13/2017,118943.2329
9/14/2017,8989.0662
9/15/2017,118878.5696
9/16/2017,105253.4566
9/17/2017,10161.8967
9/18/2017,42219.2337
9/19/2017,6657.0257
9/20/2017,53807.9994
9/21/2017,102743.7207
9/22/2017,51920.3987
9/23/2017,97515.1991
9/24/2017,94105.0773
9/25/2017,23433.0329
9/26/2017,115720.4420
9/27/2017,48325.6215
9/28/2017,32675.8860
9/29/2017,72516.4634
9/30/2017,51487.7647
10/1/2017,74013.2440
10/2/2017,91744.2731
10/3/2017,7142.8617
10/4/2017,118396.9953
10/5/2017,61384.7325
10/6/2017,83382.0881
10/7/2017,83427.1890
10/8/2017,92719.2848
10/9/2017,56635.1704
10/10/2017,91204.8044
10/11/2017,113864.6598
10/12/2017,111307.6901
10/13/2017,20734.2097
10/14/2017,34211.3363
10/15/2017,32501.0462
10/16/2017,86208.4529
10/17/2017,47030.4862
10/18/2017,36679.9932
10/19/2017,18913.5775
10/20/2017,117959.3777
10/21/2017,120751.9407
10/22/2017,96939.8831
10/23/2017,103862.4835
10/24/2017,13428.2141
10/25/2017,64179.4777
10/26/2017,13076.8006
10/27/2017,63068.4824
10/28/2017,92806.4079
10/29/2017,49974.2110
10/30/2017,53278.7314
10/31/2017,68874.8946
11/1/2017,64936.4504
11/2/2017,91731.3705
11/3/2017,217628.9197
11/4/2017,187075.7599
11/5/2017,102481.7629
11/6/2017,203629.1623
11/7/2017,232112.4291
11/8/2017,89918.6249
11/9/2017,192896.8172
11/10/2017,132586.6497
11/11/2017,100610.8479
11/12/2017,142863.0170
11/13/2017,110148.2795
11/14/2017,184394.9829
11/15/2017,64919.8377
11/16/2017,72103.7179
11/17/2017,66504.0506
11/18/2017,224548.8217
11/19/2017,22024.3701
11/20/2017,43648.6601
11/21/2017,129052.4296
11/22/2017,39663.4813
11/23/2017,14462.8413
11/24/2017,164576.1466
11/25/2017,45653.3467
11/26/2017,49362.4462
11/27/2017,230634.9713
11/28/2017,33572.0075
11/29/2017,95168.8249
11/30/2017,52160.9727
12/1/2017,84064.1247
12/2/2017,27629.5967
12/3/2017,27095.3877
12/4/2017,35490.2437
12/5/2017,100228.2091
12/6/2017,106774.4532
12/7/2017,83244.8091
12/8/2017,51303.7167
12/9/2017,11133.7383
12/10/2017,48466.9300
12/11/2017,87616.9789
12/12/2017,104773.0606
12/13/2017,26132.5039
12/14/2017,85356.3706
12/15/2017,111906.4363
12/16/2017,24189.7624
12/17/2017,79086.2722
12/18/2017,32170.6865
12/19/2017,56430.4441
12/20/2017,74908.9688
12/21/2017,69345.9838
12/22/2017,38197.5901
12/23/2017,11050.1089
12/24/2017,78459.3298
12/25/2017,37724.4085
12/26/2017,95253.5485
12/27/2017,60401.3141
12/28/2017,21036.8602
12/29/2017,51759.8807
12/30/2017,63147.5138
12/31/2017,28708.7680
1/1/2018,104837.1483
1/2/2018,23607.3046
1/3/2018,97771.0909
1/4/2018,39566.1958
1/5/2018,25495.7225
1/6/2018,85330.5203
1/7/2018,86103.5671
1/8/2018,121166.5260
1/9/2018,101056.6013
1/10/2018,102138.6016
1/11/2018,34017.8370
1/12/2018,23789.2569
1/13/2018,22913.3024
1/14/2018,3929.9849
1/15/2018,43894.0548
1/16/2018,45526.0673
1/17/2018,111877.6300
1/18/2018,6959.6137
1/19/2018,133666.7741
1/20/2018,112722.1095
1/21/2018,38612.8915
1/22/2018,41453.6624
1/23/2018,156186.8793
1/24/2018,125074.9903
1/25/2018,135707.2173
1/26/2018,80492.8637
1/27/2018,139813.2951
1/28/2018,74992.2887
1/29/2018,54889.5040
1/30/2018,17732.7025
1/31/2018,60481.7962
2/1/2018,11387.8627
2/2/2018,86845.0278
2/3/2018,109934.9541
2/4/2018,22351.0280
2/5/2018,29535.6128
2/6/2018,60173.0629
2/7/2018,78077.8923
2/8/2018,93869.1393
2/9/2018,89844.6790
2/10/2018,48159.7521
2/11/2018,117389.9851
2/12/2018,49666.1613
2/13/2018,113783.1784
2/14/2018,78997.2920
2/15/2018,30957.9439
2/16/2018,109954.1130
2/17/2018,58844.8779
2/18/2018,102388.2131
2/19/2018,34613.5279
2/20/2018,124789.4950
2/21/2018,41734.2412
2/22/2018,82068.1010
2/23/2018,73493.1511
2/24/2018,56089.6312
2/25/2018,121003.0943
2/26/2018,42700.5711
2/27/2018,14515.1991
2/28/2018,24954.2123
3/1/2018,124845.5216
3/2/2018,70950.1227
3/3/2018,56520.7104
3/4/2018,31629.8162
3/5/2018,68026.6961
3/6/2018,66108.7189
3/7/2018,46125.6554
3/8/2018,34481.3693
3/9/2018,102269.0805
3/10/2018,52880.5205
3/11/2018,21035.1261
3/12/2018,127270.6503
3/13/2018,36377.0422
3/14/2018,33259.3069
3/15/2018,35441.9429
3/16/2018,36432.4345
3/17/2018,60801.6705
3/18/2018,72827.0548
3/19/2018,54358.9362
3/20/2018,33342.4107
3/21/2018,61803.3428
3/22/2018,70930.8166
3/23/2018,46039.1744
3/24/2018,39801.0239
3/25/2018,123377.4557
3/26/2018,98831.7488
3/27/2018,39016.1575
3/28/2018,68686.8673
3/29/2018,17526.3882
3/30/2018,73885.2328
3/31/2018,125270.0052
4/1/2018,5309.2787
4/2/2018,75443.5713
4/3/2018,38215.5550
4/4/2018,106458.8775
4/5/2018,65791.0907
4/6/2018,28489.0885
4/7/2018,79836.2419
4/8/2018,136844.2630
4/9/2018,130023.7634
4/10/2018,56930.2229
4/11/2018,78086.0301
4/12/2018,89018.9658
4/13/2018,21359.7035
4/14/2018,32482.8316
4/15/2018,94225.3996
4/16/2018,119593.1643
4/17/2018,15968.1055
4/18/2018,30969.7682
4/19/2018,72878.0240
4/20/2018,37825.9214
4/21/2018,103236.5548
4/22/2018,128273.7145
4/23/2018,63703.8733
4/24/2018,5093.6075
4/25/2018,56905.9402
4/26/2018,127977.6241
4/27/2018,118372.2810
4/28/2018,123099.9728
4/29/2018,37361.7802
4/30/2018,44533.7849
5/1/2018,77498.2324
5/2/2018,103616.6018
5/3/2018,28184.1277
5/4/2018,13200.4065
5/5/2018,69425.7934
5/6/2018,85745.5202
5/7/2018,75897.4954
5/8/2018,22163.0115
5/9/2018,61983.9286
5/10/2018,53200.6499
5/11/2018,104563.2069
5/12/2018,81889.0244
5/13/2018,100326.9783
5/14/2018,30647.5691
5/15/2018,29608.1166
5/16/2018,23118.1510
5/17/2018,27853.7166
5/18/2018,91312.4534
5/19/2018,32084.5954
5/20/2018,41242.3546
5/21/2018,95790.9853
5/22/2018,64159.6934
5/23/2018,31009.7678
5/24/2018,55051.3977
5/25/2018,39354.2008
5/26/2018,78821.3510
5/27/2018,89121.3495
5/28/2018,63402.7257
5/29/2018,83740.1257
5/30/2018,32626.2550
5/31/2018,72331.2145
6/1/2018,52921.7019
6/2/2018,66339.3810
6/3/2018,109964.7195
6/4/2018,9197.1848
6/5/2018,74320.6199
6/6/2018,24654.9864
6/7/2018,58712.5233
6/8/2018,118068.0886
6/9/2018,72780.0259
6/10/2018,86226.6558
6/11/2018,53381.9796
6/12/2018,84175.9265
6/13/2018,26559.4664
6/14/2018,115643.8264
6/15/2018,10012.3057
6/16/2018,43432.1844
6/17/2018,72180.1551
6/18/2018,16010.1775
6/19/2018,117300.0926
6/20/2018,100291.6542
6/21/2018,81139.0860
6/22/2018,81810.8489
6/23/2018,24155.4083
6/24/2018,70318.2408
6/25/2018,44634.0673
6/26/2018,45615.9479
6/27/2018,112860.2195
6/28/2018,20578.0316
6/29/2018,21558.1540
6/30/2018,63232.3400
7/1/2018,89777.9419
7/2/2018,89443.0017
7/3/2018,100597.2969
7/4/2018,56464.7891
7/5/2018,117514.5335
7/6/2018,14607.3465
7/7/2018,19386.3688
7/8/2018,81459.7482
7/9/2018,12900.8444
7/10/2018,19775.2254
7/11/2018,77677.7451
7/12/2018,111570.3164
7/13/2018,117084.3413
7/14/2018,51087.5610
7/15/2018,81455.5261
7/16/2018,44750.6118
7/17/2018,45033.8785
7/18/2018,101240.1295
7/19/2018,84878.0961
7/20/2018,113749.7061
7/21/2018,76290.1232
7/22/2018,120445.1035
7/23/2018,83150.9870
7/24/2018,58353.9890
7/25/2018,82597.9789
7/26/2018,106750.5287
7/27/2018,98645.5786
7/28/2018,102726.8844
7/29/2018,119073.6621
7/30/2018,35514.2576
7/31/2018,22306.8985
8/1/2018,83378.3774
8/2/2018,40898.6207
8/3/2018,61556.2030
8/4/2018,96399.1855
8/5/2018,109457.6015
8/6/2018,66426.3794
8/7/2018,34955.0478
8/8/2018,106008.4366
8/9/2018,37160.2048
8/10/2018,41827.4007
8/11/2018,40373.0790
8/12/2018,73476.1868
8/13/2018,65159.7614
8/14/2018,91230.0125
8/15/2018,66472.5767
8/16/2018,30704.4600
8/17/2018,28353.9244
8/18/2018,75933.9031
8/19/2018,107625.5514
8/20/2018,66360.5242
8/21/2018,101976.2902
8/22/2018,93000.5673
8/23/2018,19491.3065
8/24/2018,44876.3583
8/25/2018,64233.5111
8/26/2018,67876.8234
8/27/2018,53796.8021
8/28/2018,18889.7108
8/29/2018,58802.0841
8/30/2018,91862.6054
8/31/2018,7951.5041
9/1/2018,87078.8553
9/2/2018,55082.6100
9/3/2018,114806.3803
9/4/2018,16829.6666
9/5/2018,7964.0179
9/6/2018,28258.5132
9/7/2018,28839.4315
9/8/2018,5978.4648
9/9/2018,68890.7704
9/10/2018,31966.2811
9/11/2018,146157.0700
9/12/2018,70915.1617
9/13/2018,25664.1688
9/14/2018,76172.0934
9/15/2018,111033.3779
9/16/2018,116127.1079
9/17/2018,25541.0295
9/18/2018,36899.1133
9/19/2018,93713.0865
9/20/2018,13689.8105
9/21/2018,73739.4208
9/22/2018,79789.3015
9/23/2018,144344.3481
9/24/2018,17116.7584
9/25/2018,54599.5094
9/26/2018,139418.5822
9/27/2018,160715.0072
9/28/2018,148344.8465
9/29/2018,79277.1609
9/30/2018,144589.0546
10/1/2018,111896.5566
10/2/2018,6282.3870
10/3/2018,30421.9000
10/4/2018,46582.1410
10/5/2018,77531.6337
10/6/2018,133110.1903
10/7/2018,100182.8188
10/8/2018,20901.5070
10/9/2018,92781.0882
10/10/2018,137658.3226
10/11/2018,137262.1431
10/12/2018,72199.7998
10/13/2018,9061.9624
10/14/2018,98073.5765
10/15/2018,25121.4328
10/16/2018,139391.8118
10/17/2018,38402.2510
10/18/2018,7938.4267
10/19/2018,38240.2383
10/20/2018,71991.8976
10/21/2018,155402.5343
10/22/2018,42071.7327
10/23/2018,91191.1944
10/24/2018,101370.4315
10/25/2018,39773.8903
10/26/2018,120573.5602
10/27/2018,5674.1616
10/28/2018,83349.7772
10/29/2018,108588.2724
10/30/2018,74911.4761
10/31/2018,113854.8840
11/1/2018,43851.4201
11/2/2018,135421.2212
11/3/2018,59844.4195
11/4/2018,89559.0405
11/5/2018,22299.9050
11/6/2018,139250.9079
11/7/2018,75065.7645
11/8/2018,26660.2626
11/9/2018,5188.9130
11/10/2018,11253.5478
11/11/2018,77701.3857
11/12/2018,76148.5158
11/13/2018,100300.1756
11/14/2018,24846.3391
11/15/2018,124287.3737
11/16/2018,63579.1566
11/17/2018,127867.4382
11/18/2018,92587.0127
11/19/2018,98232.1058
11/20/2018,34435.0082
11/21/2018,35132.9965
11/22/2018,72651.0280
11/23/2018,22487.7890
11/24/2018,3871.1399
11/25/2018,19005.3903
11/26/2018,96333.3318
11/27/2018,21480.2102
11/28/2018,111860.4443
11/29/2018,135768.2871
11/30/2018,8893.4697
12/1/2018,115396.2506
12/2/2018,47272.8743
12/3/2018,99122.0440
12/4/2018,25908.2547
12/5/2018,19203.7140
12/6/2018,39794.7373
12/7/2018,44001.0546
12/8/2018,130522.0205
12/9/2018,74038.9600
12/10/2018,87522.7358
12/11/2018,50471.0446
12/12/2018,46685.0914
12/13/2018,78523.3869
12/14/2018,18047.8538
12/15/2018,126734.2376
12/16/2018,72869.3314
12/17/2018,22552.6275
12/18/2018,95442.5823
12/19/2018,50802.4831
12/20/2018,27925.1990
12/21/2018,16089.1629
12/22/2018,47825.6639
12/23/2018,115350.1198
12/24/2018,107556.9731
12/25/2018,91408.5207
12/26/2018,105236.7138
12/27/2018,109639.5463
12/28/2018,104108.4670
12/29/2018,41199.5490
12/30/2018,38644.4831
12/31/2018,61729.3171
1/1/2019,204858.7620
1/2/2019,147152.6619
1/3/2019,78059.3265
1/4/2019,90627.5612
1/5/2019,85323.8580
1/6/2019,43531.0211
1/7/2019,153923.0322
1/8/2019,202516.7771
1/9/2019,7613.4278
1/10/2019,128751.1742
1/11/2019,159564.8825
1/12/2019,163859.8499
1/13/2019,26097.9221
1/14/2019,8288.2022
1/15/2019,169957.4726
1/16/2019,87035.4970
1/17/2019,53015.5149
1/18/2019,105700.0373
1/19/2019,40957.6307
1/20/2019,197641.1429
1/21/2019,183094.7566
1/22/2019,30338.0761
1/23/2019,39010.8382
1/24/2019,46279.6232
1/25/2019,55718.0100
1/26/2019,8978.4787
1/27/2019,13730.3689
1/28/2019,147932.3849
1/29/2019,23756.1941
1/30/2019,12628.6184
1/31/2019,42038.8969
2/1/2019,155088.7831
2/2/2019,74918.4161
2/3/2019,205416.3346
2/4/2019,75308.7600
2/5/2019,63416.0804
2/6/2019,51565.5250
2/7/2019,72182.7763
2/8/2019,7533.5014
2/9/2019,85491.1720
2/10/2019,12452.9746
2/11/2019,62547.1381
2/12/2019,95028.6565
2/13/2019,203979.7790
2/14/2019,56559.8189
2/15/2019,43427.6134
2/16/2019,203327.1943
2/17/2019,179813.2117
2/18/2019,43252.2954
2/19/2019,132074.0825
2/20/2019,10121.7050
2/21/2019,31362.7404
2/22/2019,132089.7374
2/23/2019,87730.6488
2/24/2019,20191.8920
2/25/2019,182016.6013
2/26/2019,197716.7008
2/27/2019,169626.8845
2/28/2019,51356.9765
3/1/2019,62458.4440
3/2/2019,74587.6477
3/3/2019,35825.2209
3/4/2019,128811.1092
3/5/2019,15537.4640
3/6/2019,43306.6417
3/7/2019,16466.4418
3/8/2019,81066.5000
3/9/2019,47168.0886
3/10/2019,101776.2766
3/11/2019,172024.4064
3/12/2019,141904.7620
3/13/2019,103052.5029
3/14/2019,113941.4568
3/15/2019,24133.3924
3/16/2019,97373.8731
3/17/2019,47405.2886
3/18/2019,111724.9223
3/19/2019,58413.9470
3/20/2019,84499.3510
3/21/2019,100437.4628
3/22/2019,129862.4915
3/23/2019,185191.5138
3/24/2019,28157.9798
3/25/2019,16683.3882
3/26/2019,122954.9375
3/27/2019,79644.2420
3/28/2019,143910.4478
3/29/2019,168101.9350
3/30/2019,111415.0168
3/31/2019,153101.8477
4/1/2019,60393.1419
4/2/2019,70360.3940
4/3/2019,98806.0637
4/4/2019,132790.9864
4/5/2019,65523.2518
4/6/2019,88207.1685
4/7/2019,88209.8195
4/8/2019,71336.2847
4/9/2019,76779.7600
4/10/2019,76202.9514
4/11/2019,147409.7297
4/12/2019,24377.8010
4/13/2019,35039.9405
4/14/2019,81896.7893
4/15/2019,121338.1666
4/16/2019,48253.7710
4/17/2019,127736.8995
4/18/2019,115370.1207
4/19/2019,41467.1511
4/20/2019,114051.7408
4/21/2019,60404.1438
4/22/2019,105249.6689
4/23/2019,40591.3503
4/24/2019,143033.0642
4/25/2019,63722.0942
4/26/2019,72730.9003
4/27/2019,91922.0250
4/28/2019,104368.2529
4/29/2019,129383.4243
4/30/2019,59527.1441
5/1/2019,96064.9498
5/2/2019,98677.4932
5/3/2019,77820.3776
5/4/2019,79768.2344
5/5/2019,69968.2500
5/6/2019,75040.5450
5/7/2019,42607.4059
5/8/2019,7361.3262
5/9/2019,119409.4103
5/10/2019,37611.1820
5/11/2019,124285.5437
5/12/2019,70853.5212
5/13/2019,100028.7020
5/14/2019,46485.7392
5/15/2019,114053.4292
5/16/2019,122566.5032
5/17/2019,85121.2161
5/18/2019,123323.7485
5/19/2019,104497.4491
5/20/2019,47277.4850
5/21/2019,13575.6310
5/22/2019,109690.2025
5/23/2019,77413.6677
5/24/2019,63439.9621
5/25/2019,48345.3898
5/26/2019,120768.4135
5/27/2019,29102.2627
5/28/2019,122003.1644
5/29/2019,69073.7559
5/30/2019,18297.7412
5/31/2019,50174.2974
6/1/2019,164385.9416
6/2/2019,36923.3986
6/3/2019,176400.1995
6/4/2019,92090.7740
6/5/2019,149055.7028
6/6/2019,132617.6726
6/7/2019,99059.1108
6/8/2019,38177.0474
6/9/2019,132406.9926
6/10/2019,19171.3857
6/11/2019,69302.2076
6/12/2019,76290.4079
6/13/2019,73595.8691
6/14/2019,80673.7799
6/15/2019,125610.7617
6/16/2019,159060.2383
6/17/2019,39887.5987
6/18/2019,141657.6758
6/19/2019,93557.6717
6/20/2019,167468.7818
6/21/2019,128963.0845
6/22/2019,65052.9893
6/23/2019,10655.0098
6/24/2019,58121.1865
6/25/2019,117962.9998
6/26/2019,159743.3487
6/27/2019,38615.8823
6/28/2019,74820.9975
6/29/2019,78998.7315
6/30/2019,170435.5520
7/1/2019,124535.0793
7/2/2019,54926.8635
7/3/2019,36971.0195
7/4/2019,173521.4087
7/5/2019,19693.0327
7/6/2019,78031.6756
7/7/2019,31095.2876
7/8/2019,91036.4021
7/9/2019,69078.1214
7/10/2019,76528.5627
7/11/2019,21546.2081
7/12/2019,113139.0592
7/13/2019,155425.1594
7/14/2019,157137.4723
7/15/2019,11887.6945
7/16/2019,85197.5596
7/17/2019,151348.8080
7/18/2019,82927.8200
7/19/2019,57216.3637
7/20/2019,24622.3312
7/21/2019,81093.4384
7/22/2019,73118.7547
7/23/2019,127422.2315
7/24/2019,153999.1221
7/25/2019,119698.4961
7/26/2019,10437.8190
7/27/2019,9914.9117
7/28/2019,111779.0259
7/29/2019,102769.5025
7/30/2019,25940.4240
7/31/2019,96072.3451
8/1/2019,104108.9235
8/2/2019,138543.9444
8/3/2019,82612.3475
8/4/2019,89553.7338
8/5/2019,103244.8050
8/6/2019,102264.8498
8/7/2019,90599.1917
8/8/2019,27120.4204
8/9/2019,69292.7040
8/10/2019,43186.6692
8/11/2019,103619.6122
8/12/2019,140366.7266
8/13/2019,85481.2647
8/14/2019,130471.0507
8/15/2019,70398.2317
8/16/2019,139438.3551
8/17/2019,132858.8029
8/18/2019,10036.1180
8/19/2019,124090.7266
8/20/2019,25326.7704
8/21/2019,152967.5096
8/22/2019,78527.3200
8/23/2019,6433.0678
8/24/2019,26771.8627
8/25/2019,89586.6230
8/26/2019,5252.8675
8/27/2019,34091.5383
8/28/2019,120273.7400
8/29/2019,44040.8535
8/30/2019,80694.4420
8/31/2019,92487.9275
9/1/2019,147788.9629
9/2/2019,154279.5618
9/3/2019,39351.3070
9/4/2019,121081.2450
9/5/2019,11429.0508
9/6/2019,19804.4601
9/7/2019,102606.3301
9/8/2019,124613.6526
9/9/2019,86956.3271
9/10/2019,103846.6854
9/11/2019,57145.3077
9/12/2019,14952.8538
9/13/2019,142057.0927
9/14/2019,145121.7564
9/15/2019,83904.9216
9/16/2019,51272.8766
9/17/2019,41866.9579
9/18/2019,7281.0840
9/19/2019,123263.0522
9/20/2019,142866.9453
9/21/2019,17376.8925
9/22/2019,138206.4070
9/23/2019,52591.2733
9/24/2019,90014.9058
9/25/2019,87916.2130
9/26/2019,160251.1907
9/27/2019,152196.9949
9/28/2019,19707.6260
9/29/2019,6283.1911
9/30/2019,84924.8748
10/1/2019,38357.6805
10/2/2019,129735.2305
10/3/2019,207898.0091
10/4/2019,154252.6373
10/5/2019,76513.7416
10/6/2019,332322.8174
10/7/2019,198361.3465
10/8/2019,74208.3622
10/9/2019,311494.8437
10/10/2019,101531.2797
10/11/2019,243293.0428
10/12/2019,114663.3582
10/13/2019,275627.7888
10/14/2019,98414.7840
10/15/2019,233501.0981
10/16/2019,127991.6416
10/17/2019,80983.1925
10/18/2019,67118.1182
10/19/2019,112192.5461
10/20/2019,87657.9155
10/21/2019,216307.4008
10/22/2019,84213.8521
10/23/2019,81797.8376
10/24/2019,23171.5129
10/25/2019,44102.2678
10/26/2019,37413.4702
10/27/2019,223937.5381
10/28/2019,91064.2331
10/29/2019,68980.1541
10/30/2019,237562.4339
10/31/2019,246737.8652
11/1/2019,27103.8237
11/2/2019,12025.9396
11/3/2019,122578.7572
11/4/2019,122868.2817
11/5/2019,81104.5702
11/6/2019,82093.9487
11/7/2019,100271.9547
11/8/2019,55290.4160
11/9/2019,109343.0296
11/10/2019,41597.6797
11/11/2019,46801.8409
11/12/2019,70339.1799
11/13/2019,30683.2498
11/14/2019,114252.4068
11/15/2019,122974.1251
11/16/2019,44772.9076
11/17/2019,98835.1539
11/18/2019,66907.4713
11/19/2019,49432.2767
11/20/2019,108768.9673
11/21/2019,67951.2915
11/22/2019,98527.5182
11/23/2019,38467.7116
11/24/2019,102041.3582
11/25/2019,46414.0521
11/26/2019,83927.2210
11/27/2019,22015.5019
11/28/2019,125308.6581
11/29/2019,77347.9971
11/30/2019,56154.7100
12/1/2019,85153.6009
12/2/2019,54398.0139
12/3/2019,85692.0256
12/4/2019,105281.6790
12/5/2019,96124.7598
12/6/2019,37190.2765
12/7/2019,55144.2707
12/8/2019,17627.2657
12/9/2019,41662.6658
12/10/2019,120216.8259
12/11/2019,67388.7550
12/12/2019,13802.9711
12/13/2019,50852.9706
12/14/2019,76460.1363
12/15/2019,28032.1332
12/16/2019,76274.1541
12/17/2019,65515.5103
12/18/2019,58608.0648
12/19/2019,103257.1487
12/20/2019,13584.8610
12/21/2019,86016.0943
12/22/2019,19170.1037
12/23/2019,72990.4779
12/24/2019,25099.7348
12/25/2019,59142.9672
12/26/2019,105607.4500
12/27/2019,77599.6230
12/28/2019,93991.5463
12/29/2019,85762.5809
12/30/2019,62332.5621
12/31/2019,49866.7712
