DATE,Total Industrial Grey WF
1/1/2015,597.2852
1/2/2015,601.8992
1/3/2015,687.5114
1/4/2015,740.8139
1/5/2015,730.5722
1/6/2015,680.4357
1/7/2015,966.4983
1/8/2015,608.4159
1/9/2015,677.1332
1/10/2015,691.3216
1/11/2015,1048.8302
1/12/2015,752.8556
1/13/2015,707.2371
1/14/2015,1005.2768
1/15/2015,655.2017
1/16/2015,687.5114
1/17/2015,972.9543
1/18/2015,596.9852
1/19/2015,926.5287
1/20/2015,1021.6418
1/21/2015,652.4169
1/22/2015,597.2896
1/23/2015,1040.3591
1/24/2015,736.8459
1/25/2015,1021.5420
1/26/2015,599.7002
1/27/2015,671.7657
1/28/2015,968.3403
1/29/2015,972.9543
1/30/2015,650.5877
1/31/2015,622.7002
2/1/2015,4322.1619
2/2/2015,6837.0416
2/3/2015,4389.0006
2/4/2015,4983.6488
2/5/2015,7342.1135
2/6/2015,7489.3134
2/7/2015,6998.5802
2/8/2015,4446.4717
2/9/2015,4171.4329
2/10/2015,6263.1975
2/11/2015,4894.7594
2/12/2015,6976.1086
2/13/2015,4216.6288
2/14/2015,4080.9312
2/15/2015,4895.6594
2/16/2015,7373.6011
2/17/2015,3874.6468
2/18/2015,4540.1848
2/19/2015,5022.0250
2/20/2015,7431.6890
2/21/2015,3978.6260
2/22/2015,4528.5305
2/23/2015,7351.4796
2/24/2015,4300.6254
2/25/2015,4649.4386
2/26/2015,7262.6052
2/27/2015,7431.7390
2/28/2015,4930.2381
3/1/2015,817.2938
3/2/2015,520.4501
3/3/2015,843.1415
3/4/2015,664.4471
3/5/2015,485.9671
3/6/2015,952.1336
3/7/2015,477.8281
3/8/2015,537.2825
3/9/2015,876.7582
3/10/2015,779.4371
3/11/2015,584.8402
3/12/2015,601.7026
3/13/2015,843.2215
3/14/2015,529.2764
3/15/2015,477.8281
3/16/2015,782.9408
3/17/2015,654.8599
3/18/2015,478.8181
3/19/2015,521.4601
3/20/2015,820.8315
3/21/2015,567.5261
3/22/2015,477.8281
3/23/2015,891.6592
3/24/2015,495.9024
3/25/2015,513.4125
3/26/2015,479.7581
3/27/2015,487.0294
3/28/2015,477.8281
3/29/2015,501.0401
3/30/2015,477.8251
3/31/2015,492.7911
4/1/2015,1699.9530
4/2/2015,1610.2863
4/3/2015,1424.4521
4/4/2015,1745.5199
4/5/2015,1618.8881
4/6/2015,2343.3337
4/7/2015,2322.4862
4/8/2015,1729.2588
4/9/2015,1543.4246
4/10/2015,1592.0464
4/11/2015,1408.1910
4/12/2015,1408.1910
4/13/2015,2487.3905
4/14/2015,1424.4521
4/15/2015,1683.6919
4/16/2015,2556.2097
4/17/2015,2336.6894
4/18/2015,1633.8238
4/19/2015,1417.5243
4/20/2015,1618.8881
4/21/2015,2494.3173
4/22/2015,2435.6904
4/23/2015,1674.8687
4/24/2015,1674.8687
4/25/2015,1633.8238
4/26/2015,2475.8773
4/27/2015,2322.4862
4/28/2015,1582.5120
4/29/2015,2460.7747
4/30/2015,1507.1900
5/1/2015,1877.7626
5/2/2015,1179.8246
5/3/2015,1168.4195
5/4/2015,1981.1231
5/5/2015,2138.1362
5/6/2015,1956.8781
5/7/2015,1997.0986
5/8/2015,1247.7349
5/9/2015,1372.5312
5/10/2015,1416.2072
5/11/2015,1244.9661
5/12/2015,1168.2413
5/13/2015,1698.1264
5/14/2015,2039.6124
5/15/2015,1189.4019
5/16/2015,1280.1559
5/17/2015,1176.8674
5/18/2015,2050.3284
5/19/2015,1234.5543
5/20/2015,1341.0283
5/21/2015,1957.4281
5/22/2015,1334.4325
5/23/2015,1262.1977
5/24/2015,1336.4755
5/25/2015,1898.5260
5/26/2015,1263.9780
5/27/2015,1406.0266
5/28/2015,1179.5756
5/29/2015,1326.6306
5/30/2015,1447.0471
5/31/2015,1158.2380
6/1/2015,2236.5815
6/2/2015,2391.3729
6/3/2015,2543.5569
6/4/2015,1356.2752
6/5/2015,1597.3979
6/6/2015,1431.5233
6/7/2015,1345.1900
6/8/2015,2418.0973
6/9/2015,1374.5218
6/10/2015,1741.0887
6/11/2015,1454.1858
6/12/2015,2256.6540
6/13/2015,1403.0895
6/14/2015,2422.5306
6/15/2015,1668.3486
6/16/2015,1559.5729
6/17/2015,1345.1900
6/18/2015,2418.0983
6/19/2015,1513.6566
6/20/2015,1445.1985
6/21/2015,1526.7058
6/22/2015,2391.3729
6/23/2015,1345.1900
6/24/2015,1371.9318
6/25/2015,2501.8406
6/26/2015,1606.3872
6/27/2015,1365.2625
6/28/2015,2577.3046
6/29/2015,1557.8635
6/30/2015,1641.6068
7/1/2015,3772.3151
7/2/2015,3979.9631
7/3/2015,3798.3151
7/4/2015,2370.1800
7/5/2015,2326.8150
7/6/2015,2543.5912
7/7/2015,2559.6944
7/8/2015,2598.2797
7/9/2015,4290.5658
7/10/2015,2384.3017
7/11/2015,3956.6564
7/12/2015,2699.7419
7/13/2015,2535.4589
7/14/2015,2800.0226
7/15/2015,4351.2787
7/16/2015,3852.7141
7/17/2015,2509.6950
7/18/2015,2326.3605
7/19/2015,4105.5101
7/20/2015,2761.8369
7/21/2015,2375.0000
7/22/2015,2833.7406
7/23/2015,2845.1057
7/24/2015,3199.0938
7/25/2015,2401.3649
7/26/2015,2861.6470
7/27/2015,2578.1080
7/28/2015,3772.3151
7/29/2015,2658.7597
7/30/2015,2660.3300
7/31/2015,2363.8497
8/1/2015,457.0530
8/2/2015,457.0530
8/3/2015,847.3004
8/4/2015,500.6628
8/5/2015,461.0705
8/6/2015,543.0642
8/7/2015,469.5886
8/8/2015,822.7243
8/9/2015,732.9851
8/10/2015,782.6965
8/11/2015,457.9700
8/12/2015,503.6340
8/13/2015,545.1396
8/14/2015,573.9800
8/15/2015,841.0189
8/16/2015,492.3594
8/17/2015,563.2528
8/18/2015,744.2646
8/19/2015,543.7296
8/20/2015,784.9906
8/21/2015,451.1081
8/22/2015,470.5256
8/23/2015,534.0784
8/24/2015,740.9906
8/25/2015,457.0530
8/26/2015,529.8348
8/27/2015,781.7786
8/28/2015,514.0468
8/29/2015,740.9906
8/30/2015,472.8455
8/31/2015,464.3277
9/1/2015,1758.8788
9/2/2015,3066.3474
9/3/2015,3031.4489
9/4/2015,3236.8346
9/5/2015,2185.6827
9/6/2015,2023.8990
9/7/2015,1755.4988
9/8/2015,2959.4436
9/9/2015,1998.1659
9/10/2015,2029.6619
9/11/2015,2033.0419
9/12/2015,1971.9709
9/13/2015,3031.4489
9/14/2015,1922.6060
9/15/2015,3187.1824
9/16/2015,1758.8788
9/17/2015,1755.4988
9/18/2015,1983.6985
9/19/2015,3178.4789
9/20/2015,2182.3027
9/21/2015,1943.7254
9/22/2015,3045.9153
9/23/2015,3251.3010
9/24/2015,2936.6286
9/25/2015,2003.4669
9/26/2015,2182.3027
9/27/2015,1758.8788
9/28/2015,1906.4440
9/29/2015,1868.1655
9/30/2015,2272.1544
10/1/2015,5518.4556
10/2/2015,5882.0882
10/3/2015,5828.4375
10/4/2015,3783.0467
10/5/2015,3791.3265
10/6/2015,3686.6806
10/7/2015,3710.2768
10/8/2015,3371.3654
10/9/2015,5643.7959
10/10/2015,3889.0841
10/11/2015,4119.4643
10/12/2015,3399.9944
10/13/2015,3663.6421
10/14/2015,5703.2111
10/15/2015,4346.2216
10/16/2015,3561.4309
10/17/2015,4893.0599
10/18/2015,4069.8885
10/19/2015,3714.0980
10/20/2015,5435.9049
10/21/2015,3343.8654
10/22/2015,3771.0960
10/23/2015,3685.7051
10/24/2015,4175.1968
10/25/2015,6028.9328
10/26/2015,3638.2799
10/27/2015,5588.1868
10/28/2015,3370.7654
10/29/2015,3791.0940
10/30/2015,6001.6054
10/31/2015,3424.4161
11/1/2015,3661.6173
11/2/2015,4064.8068
11/3/2015,7058.0589
11/4/2015,3796.0961
11/5/2015,6167.8336
11/6/2015,6087.9923
11/7/2015,4824.0686
11/8/2015,4010.1693
11/9/2015,6509.3356
11/10/2015,4010.1693
11/11/2015,3969.4086
11/12/2015,4383.6581
11/13/2015,3926.7913
11/14/2015,6960.8061
11/15/2015,3753.4788
11/16/2015,4313.3079
11/17/2015,4589.0686
11/18/2015,3896.6173
11/19/2015,6322.9923
11/20/2015,3951.2548
11/21/2015,4148.6551
11/22/2015,3734.4086
11/23/2015,4010.1693
11/24/2015,3723.3048
11/25/2015,6685.0454
11/26/2015,3926.7913
11/27/2015,4040.3433
11/28/2015,6647.8214
11/29/2015,6377.6298
11/30/2015,6912.9954
12/1/2015,5084.0396
12/2/2015,5084.0396
12/3/2015,8242.8471
12/4/2015,8777.5441
12/5/2015,5723.9408
12/6/2015,6321.4622
12/7/2015,5094.4816
12/8/2015,5241.8504
12/9/2015,8767.9136
12/10/2015,8560.3080
12/11/2015,5129.3342
12/12/2015,5763.4897
12/13/2015,5614.5779
12/14/2015,8741.2580
12/15/2015,5476.1016
12/16/2015,5519.3359
12/17/2015,5923.1890
12/18/2015,5641.9334
12/19/2015,7069.8746
12/20/2015,5717.7951
12/21/2015,5812.8593
12/22/2015,5890.7147
12/23/2015,9049.4922
12/24/2015,8977.1668
12/25/2015,5158.6703
12/26/2015,5487.2391
12/27/2015,8791.3776
12/28/2015,6182.2834
12/29/2015,8590.2159
12/30/2015,6117.3281
12/31/2015,5807.9593
1/1/2016,601.6456
1/2/2016,613.4781
1/3/2016,670.1875
1/4/2016,625.9070
1/5/2016,681.7024
1/6/2016,1062.0650
1/7/2016,1006.0414
1/8/2016,701.7605
1/9/2016,716.8020
1/10/2016,1004.8651
1/11/2016,639.3773
1/12/2016,601.5656
1/13/2016,1004.6577
1/14/2016,749.6202
1/15/2016,614.8513
1/16/2016,686.5368
1/17/2016,671.4950
1/18/2016,935.7596
1/19/2016,685.6245
1/20/2016,1049.4548
1/21/2016,608.8643
1/22/2016,761.7177
1/23/2016,614.8616
1/24/2016,998.0490
1/25/2016,604.8719
1/26/2016,1131.7236
1/27/2016,700.3200
1/28/2016,670.1875
1/29/2016,992.8244
1/30/2016,609.4620
1/31/2016,1049.5338
2/1/2016,3902.8492
2/2/2016,3934.1812
2/3/2016,7516.5221
2/4/2016,7369.0191
2/5/2016,7897.2141
2/6/2016,4323.2732
2/7/2016,6924.7899
2/8/2016,3960.7974
2/9/2016,4778.6602
2/10/2016,6892.2050
2/11/2016,5030.3754
2/12/2016,4766.4408
2/13/2016,3992.4292
2/14/2016,4993.1380
2/15/2016,6829.7434
2/16/2016,7484.7421
2/17/2016,4083.6500
2/18/2016,3910.2426
2/19/2016,5007.3956
2/20/2016,7573.8937
2/21/2016,3902.8492
2/22/2016,4569.8630
2/23/2016,6893.6111
2/24/2016,4635.1322
2/25/2016,4323.2701
2/26/2016,7576.3180
2/27/2016,4449.7202
2/28/2016,4501.5806
2/29/2016,4090.1086
3/1/2016,643.2582
3/2/2016,760.9909
3/3/2016,1035.2024
3/4/2016,630.7250
3/5/2016,699.0656
3/6/2016,1097.4714
3/7/2016,637.8984
3/8/2016,720.0227
3/9/2016,1101.5922
3/10/2016,1018.5165
3/11/2016,698.4146
3/12/2016,665.1050
3/13/2016,1035.2034
3/14/2016,760.9807
3/15/2016,621.6771
3/16/2016,883.2150
3/17/2016,777.6107
3/18/2016,637.7969
3/19/2016,629.2746
3/20/2016,1092.5249
3/21/2016,763.4097
3/22/2016,679.8649
3/23/2016,1023.2613
3/24/2016,724.0018
3/25/2016,633.5010
3/26/2016,621.9313
3/27/2016,675.5294
3/28/2016,1100.8731
3/29/2016,1030.8149
3/30/2016,675.5294
3/31/2016,618.3639
4/1/2016,1368.4836
4/2/2016,1368.4836
4/3/2016,2489.2657
4/4/2016,2532.6441
4/5/2016,1538.9786
4/6/2016,1495.6002
4/7/2016,1513.8021
4/8/2016,2535.5337
4/9/2016,2285.8886
4/10/2016,1378.5972
4/11/2016,1703.9266
4/12/2016,2343.4441
4/13/2016,1514.7266
4/14/2016,1407.8372
4/15/2016,1567.2941
4/16/2016,1352.1651
4/17/2016,2298.3887
4/18/2016,1517.1131
4/19/2016,1617.6256
4/20/2016,1368.4836
4/21/2016,2629.5016
4/22/2016,1388.2077
4/23/2016,1352.1651
4/24/2016,2503.4041
4/25/2016,1693.3916
4/26/2016,1410.2237
4/27/2016,2288.2751
4/28/2016,2641.4986
4/29/2016,1497.9867
4/30/2016,1388.2077
5/1/2016,2381.5275
5/2/2016,3796.5776
5/3/2016,3839.3801
5/4/2016,2553.7581
5/5/2016,2462.3876
5/6/2016,2219.1900
5/7/2016,3196.3851
5/8/2016,2538.4701
5/9/2016,2266.3605
5/10/2016,2455.2980
5/11/2016,3607.1856
5/12/2016,2478.6856
5/13/2016,2235.8955
5/14/2016,3898.7981
5/15/2016,2204.5415
5/16/2016,2174.6625
5/17/2016,2568.8062
5/18/2016,2423.9315
5/19/2016,2550.9976
5/20/2016,3682.0276
5/21/2016,3591.4376
5/22/2016,2381.5265
5/23/2016,2176.2912
5/24/2016,2477.6744
5/25/2016,2575.9531
5/26/2016,3679.2006
5/27/2016,2381.5275
5/28/2016,3948.5152
5/29/2016,3905.7127
5/30/2016,2222.7975
5/31/2016,2179.9950
6/1/2016,955.7812
6/2/2016,948.0217
6/3/2016,1016.0490
6/4/2016,706.2842
6/5/2016,616.0742
6/6/2016,596.6039
6/7/2016,638.2589
6/8/2016,638.2589
6/9/2016,1029.1655
6/10/2016,577.1031
6/11/2016,1030.6848
6/12/2016,620.2686
6/13/2016,651.3754
6/14/2016,572.5253
6/15/2016,567.5497
6/16/2016,616.0722
6/17/2016,650.0022
6/18/2016,1043.8013
6/19/2016,577.0991
6/20/2016,971.7191
6/21/2016,629.0160
6/22/2016,1030.6848
6/23/2016,563.9866
6/24/2016,635.5750
6/25/2016,967.9079
6/26/2016,592.4095
6/27/2016,638.2589
6/28/2016,629.1907
6/29/2016,1102.2732
6/30/2016,579.6764
7/1/2016,3852.7996
7/2/2016,3852.7996
7/3/2016,4358.1121
7/4/2016,4271.2337
7/5/2016,4347.8593
7/6/2016,6983.8425
7/7/2016,6504.3844
7/8/2016,4726.4892
7/9/2016,6427.5720
7/10/2016,4227.6506
7/11/2016,4227.6506
7/12/2016,4761.3754
7/13/2016,6433.2661
7/14/2016,4006.2780
7/15/2016,4379.4253
7/16/2016,4006.8602
7/17/2016,6789.5498
7/18/2016,3900.8891
7/19/2016,5800.3677
7/20/2016,3934.7981
7/21/2016,3884.1273
7/22/2016,6901.6351
7/23/2016,4810.9079
7/24/2016,4517.0544
7/25/2016,3892.4224
7/26/2016,6427.7730
7/27/2016,3930.8921
7/28/2016,4658.2558
7/29/2016,6506.5668
7/30/2016,6936.3547
7/31/2016,3852.7996
8/1/2016,805.0112
8/2/2016,819.0042
8/3/2016,1174.0985
8/4/2016,778.5762
8/5/2016,1274.3847
8/6/2016,1174.0638
8/7/2016,778.5762
8/8/2016,892.2336
8/9/2016,746.1122
8/10/2016,755.7680
8/11/2016,1297.0273
8/12/2016,792.9180
8/13/2016,716.5992
8/14/2016,1003.1065
8/15/2016,1214.1785
8/16/2016,824.0750
8/17/2016,730.8990
8/18/2016,905.5172
8/19/2016,1188.5655
8/20/2016,774.1546
8/21/2016,721.9344
8/22/2016,1254.6063
8/23/2016,820.1832
8/24/2016,711.5112
8/25/2016,895.5262
8/26/2016,1188.5735
8/27/2016,735.5278
8/28/2016,1250.4323
8/29/2016,805.0112
8/30/2016,720.7550
8/31/2016,711.5112
9/1/2016,2719.7844
9/2/2016,2724.5574
9/3/2016,3196.9984
9/4/2016,5284.0034
9/5/2016,4571.7772
9/6/2016,2756.1882
9/7/2016,3065.0142
9/8/2016,3034.2262
9/9/2016,3407.8532
9/10/2016,4686.8882
9/11/2016,2795.4472
9/12/2016,3193.0682
9/13/2016,2736.9672
9/14/2016,4921.9004
9/15/2016,3154.8154
9/16/2016,4596.7774
9/17/2016,3082.7302
9/18/2016,2736.9672
9/19/2016,4901.6732
9/20/2016,2814.6682
9/21/2016,3193.0682
9/22/2016,4687.8944
9/23/2016,2995.9734
9/24/2016,3052.6044
9/25/2016,4576.5502
9/26/2016,3115.3672
9/27/2016,3349.3732
9/28/2016,2760.9612
9/29/2016,4880.6032
9/30/2016,4987.5872
10/1/2016,5984.0520
10/2/2016,5984.0520
10/3/2016,5447.3806
10/4/2016,8378.0433
10/5/2016,8832.5431
10/6/2016,7925.3344
10/7/2016,4802.7006
10/8/2016,5317.0848
10/9/2016,4990.7468
10/10/2016,7391.5418
10/11/2016,4844.3979
10/12/2016,5215.3371
10/13/2016,5359.7270
10/14/2016,8122.3255
10/15/2016,5588.8167
10/16/2016,4870.0956
10/17/2016,7987.7154
10/18/2016,5771.1753
10/19/2016,5475.5229
10/20/2016,4844.3999
10/21/2016,4993.7512
10/22/2016,8537.9547
10/23/2016,5593.6761
10/24/2016,4897.2342
10/25/2016,7933.2951
10/26/2016,5475.5228
10/27/2016,5445.9721
10/28/2016,8378.0228
10/29/2016,4897.1537
10/30/2016,7925.3339
10/31/2016,4897.1542
11/1/2016,5944.1910
11/2/2016,9569.2080
11/3/2016,5905.3830
11/4/2016,8992.2855
11/5/2016,5481.1680
11/6/2016,8819.3985
11/7/2016,6474.0885
11/8/2016,5218.1910
11/9/2016,9623.6085
11/10/2016,5738.9310
11/11/2016,5944.1910
11/12/2016,5251.1580
11/13/2016,9615.2430
11/14/2016,5821.4805
11/15/2016,5372.5155
11/16/2016,5808.7755
11/17/2016,5977.1580
11/18/2016,8771.4330
11/19/2016,9292.1730
11/20/2016,8990.6685
11/21/2016,5439.0435
11/22/2016,6017.5830
11/23/2016,5860.2885
11/24/2016,5781.0555
11/25/2016,6543.9330
11/26/2016,9292.1730
11/27/2016,5363.3580
11/28/2016,6126.2355
11/29/2016,8852.3655
11/30/2016,5288.0355
12/1/2016,9535.7585
12/2/2016,9535.7585
12/3/2016,10950.0645
12/4/2016,11140.3178
12/5/2016,16683.3729
12/6/2016,17233.4753
12/7/2016,9453.6801
12/8/2016,10530.6803
12/9/2016,9453.6801
12/10/2016,15616.1675
12/11/2016,11392.3131
12/12/2016,15605.5219
12/13/2016,9642.9079
12/14/2016,10036.1951
12/15/2016,18114.9318
12/16/2016,10304.0711
12/17/2016,9576.5006
12/18/2016,9786.9941
12/19/2016,17733.8985
12/20/2016,10694.9924
12/21/2016,9437.6801
12/22/2016,10528.0803
12/23/2016,9912.6696
12/24/2016,16842.6137
12/25/2016,9520.0804
12/26/2016,9645.6838
12/27/2016,15605.1748
12/28/2016,10530.6613
12/29/2016,9453.6803
12/30/2016,16842.6147
12/31/2016,16507.0493
1/1/2017,13193.1170
1/2/2017,13362.8035
1/3/2017,13321.4124
1/4/2017,8783.7268
1/5/2017,9107.4644
1/6/2017,8028.0211
1/7/2017,8682.5205
1/8/2017,8911.0789
1/9/2017,8060.0657
1/10/2017,13914.5559
1/11/2017,9124.5697
1/12/2017,7873.7202
1/13/2017,8116.5221
1/14/2017,12956.4952
1/15/2017,9349.7236
1/16/2017,8175.5321
1/17/2017,9245.6770
1/18/2017,9242.6736
1/19/2017,12956.4152
1/20/2017,8060.9321
1/21/2017,8149.9991
1/22/2017,14914.5551
1/23/2017,7889.1258
1/24/2017,9077.4876
1/25/2017,7938.5237
1/26/2017,12064.6013
1/27/2017,9181.5752
1/28/2017,8799.9224
1/29/2017,12971.9108
1/30/2017,13849.7964
1/31/2017,9644.6736
2/1/2017,5778.4806
2/2/2017,5933.6652
2/3/2017,10524.7115
2/4/2017,7378.0913
2/5/2017,6973.6992
2/6/2017,10515.7983
2/7/2017,7547.1721
2/8/2017,11176.3862
2/9/2017,5976.4012
2/10/2017,11470.0073
2/11/2017,6647.3169
2/12/2017,6880.1866
2/13/2017,11098.9360
2/14/2017,10486.7983
2/15/2017,6866.3804
2/16/2017,6502.3399
2/17/2017,11301.6419
2/18/2017,6591.2459
2/19/2017,6042.6032
2/20/2017,10832.5405
2/21/2017,6782.3848
2/22/2017,11424.0478
2/23/2017,6753.6841
2/24/2017,7880.5036
2/25/2017,6709.9958
2/26/2017,12180.9342
2/27/2017,6922.4909
2/28/2017,5960.7520
3/1/2017,5699.5097
3/2/2017,10073.3103
3/3/2017,5612.9909
3/4/2017,6468.8757
3/5/2017,6054.5926
3/6/2017,5711.8227
3/7/2017,8722.0920
3/8/2017,9744.1420
3/9/2017,9414.6565
3/10/2017,6296.7555
3/11/2017,5654.0371
3/12/2017,5696.3559
3/13/2017,9507.3298
3/14/2017,5648.1387
3/15/2017,6862.0958
3/16/2017,9304.9848
3/17/2017,5781.3294
3/18/2017,6237.5926
3/19/2017,9658.5809
3/20/2017,5810.7834
3/21/2017,5780.9012
3/22/2017,6971.8114
3/23/2017,9963.8521
3/24/2017,6908.2368
3/25/2017,6545.0122
3/26/2017,9284.1377
3/27/2017,5659.0919
3/28/2017,9976.1551
3/29/2017,6862.0358
3/30/2017,6568.2690
3/31/2017,5602.0371
4/1/2017,2806.8609
4/2/2017,2866.2122
4/3/2017,5179.8558
4/4/2017,3531.5653
4/5/2017,3001.3317
4/6/2017,4729.7254
4/7/2017,5010.1414
4/8/2017,3503.4475
4/9/2017,2912.3555
4/10/2017,3139.9819
4/11/2017,4729.7254
4/12/2017,3263.3328
4/13/2017,2930.6012
4/14/2017,3192.6023
4/15/2017,5121.4780
4/16/2017,2831.4481
4/17/2017,5127.1508
4/18/2017,3192.7715
4/19/2017,2859.5659
4/20/2017,4760.1546
4/21/2017,2871.7494
4/22/2017,3538.2116
4/23/2017,5256.4283
4/24/2017,3139.9819
4/25/2017,2866.2122
4/26/2017,5086.7139
4/27/2017,3251.1493
4/28/2017,3340.9298
4/29/2017,5056.2847
4/30/2017,2942.7847
5/1/2017,3208.3044
5/2/2017,3208.3044
5/3/2017,5556.5944
5/4/2017,5431.3744
5/5/2017,4021.6234
5/6/2017,3729.7534
5/7/2017,4524.3044
5/8/2017,3282.4444
5/9/2017,3942.2384
5/10/2017,5312.4434
5/11/2017,3280.4684
5/12/2017,3175.9584
5/13/2017,5586.4734
5/14/2017,3606.4934
5/15/2017,5674.9544
5/16/2017,3500.1744
5/17/2017,3271.7744
5/18/2017,5321.1694
5/19/2017,3938.8740
5/20/2017,3295.0344
5/21/2017,3293.4534
5/22/2017,3641.2584
5/23/2017,3916.4244
5/24/2017,5295.4584
5/25/2017,5288.3934
5/26/2017,3543.3384
5/27/2017,3598.4184
5/28/2017,6002.7234
5/29/2017,3175.9584
5/30/2017,3238.1934
5/31/2017,3175.9584
6/1/2017,816.0450
6/2/2017,833.1020
6/3/2017,1548.6917
6/4/2017,929.9433
6/5/2017,1493.7369
6/6/2017,1518.1894
6/7/2017,916.7343
6/8/2017,928.2413
6/9/2017,1499.1981
6/10/2017,836.7403
6/11/2017,846.5453
6/12/2017,1398.6468
6/13/2017,1039.6829
6/14/2017,835.0383
6/15/2017,928.2413
6/16/2017,1398.5580
6/17/2017,930.1284
6/18/2017,899.4430
6/19/2017,938.9936
6/20/2017,1427.4451
6/21/2017,816.0450
6/22/2017,911.1843
6/23/2017,853.7085
6/24/2017,1526.1735
6/25/2017,906.6062
6/26/2017,833.1020
6/27/2017,1500.9001
6/28/2017,897.7410
6/29/2017,1616.9444
6/30/2017,816.0450
7/1/2017,585.0379
7/2/2017,607.1888
7/3/2017,602.1554
7/4/2017,534.8404
7/5/2017,960.6782
7/6/2017,557.2586
7/7/2017,567.0379
7/8/2017,546.2810
7/9/2017,1005.8423
7/10/2017,620.1982
7/11/2017,551.5121
7/12/2017,553.6811
7/13/2017,593.9671
7/14/2017,961.5679
7/15/2017,548.4477
7/16/2017,552.9813
7/17/2017,599.9174
7/18/2017,951.2734
7/19/2017,554.7702
7/20/2017,894.9819
7/21/2017,576.8364
7/22/2017,596.7082
7/23/2017,1024.2790
7/24/2017,966.2693
7/25/2017,751.4058
7/26/2017,545.3210
7/27/2017,585.0379
7/28/2017,544.1563
7/29/2017,960.6782
7/30/2017,888.3597
7/31/2017,604.9381
8/1/2017,2062.7103
8/2/2017,2152.0792
8/3/2017,3163.3840
8/4/2017,2375.9342
8/5/2017,1885.7253
8/6/2017,3608.9512
8/7/2017,3147.6733
8/8/2017,1926.8722
8/9/2017,2060.1675
8/10/2017,2181.1926
8/11/2017,3200.3561
8/12/2017,1901.2436
8/13/2017,2057.7858
8/14/2017,1909.6722
8/15/2017,3448.1650
8/16/2017,1911.9125
8/17/2017,2619.4047
8/18/2017,2379.9614
8/19/2017,3406.8452
8/20/2017,3118.5499
8/21/2017,1955.9612
8/22/2017,2346.8108
8/23/2017,1886.1253
8/24/2017,3188.7942
8/25/2017,2078.4286
8/26/2017,1951.7968
8/27/2017,3350.1800
8/28/2017,1963.8113
8/29/2017,2140.7933
8/30/2017,2161.9951
8/31/2017,1885.7253
9/1/2017,1819.2037
9/2/2017,2023.6247
9/3/2017,3117.0782
9/4/2017,3284.7437
9/5/2017,1969.3209
9/6/2017,2060.1682
9/7/2017,1807.2787
9/8/2017,3051.5437
9/9/2017,2120.0264
9/10/2017,3491.2529
9/11/2017,1778.3937
9/12/2017,1819.2037
9/13/2017,2023.1212
9/14/2017,2227.9397
9/15/2017,3058.6669
9/16/2017,1859.3194
9/17/2017,2202.7117
9/18/2017,3255.8587
9/19/2017,1807.2787
9/20/2017,1862.9764
9/21/2017,2010.1309
9/22/2017,3296.6687
9/23/2017,1855.8532
9/24/2017,1782.0507
9/25/2017,3047.3832
9/26/2017,2218.1029
9/27/2017,1834.0914
9/28/2017,3255.8587
9/29/2017,2005.9704
9/30/2017,3186.2697
10/1/2017,2613.0792
10/2/2017,2796.7692
10/3/2017,2840.9547
10/4/2017,1647.1542
10/5/2017,1820.4992
10/6/2017,1630.2697
10/7/2017,1740.1242
10/8/2017,1587.9792
10/9/2017,2833.6722
10/10/2017,1827.3117
10/11/2017,1622.2017
10/12/2017,2626.1472
10/13/2017,1831.3922
10/14/2017,1624.6882
10/15/2017,2747.4947
10/16/2017,1796.1042
10/17/2017,1737.4020
10/18/2017,1843.8022
10/19/2017,1771.2417
10/20/2017,2206.7842
10/21/2017,1591.0842
10/22/2017,1899.4547
10/23/2017,2762.1192
10/24/2017,1737.0192
10/25/2017,1753.1922
10/26/2017,1848.0817
10/27/2017,2640.7092
10/28/2017,1601.0472
10/29/2017,2048.5047
10/30/2017,2637.6042
10/31/2017,1855.2792
11/1/2017,10466.9235
11/2/2017,10708.0710
11/3/2017,11392.6560
11/4/2017,20363.6235
11/5/2017,14411.9745
11/6/2017,10376.9985
11/7/2017,11254.2210
11/8/2017,15980.2335
11/9/2017,19775.4645
11/10/2017,10593.9735
11/11/2017,11344.1460
11/12/2017,14237.0085
11/13/2017,10424.9145
11/14/2017,15955.8960
11/15/2017,11188.0395
11/16/2017,19611.8835
11/17/2017,14946.7395
11/18/2017,10581.0210
11/19/2017,16779.8895
11/20/2017,10503.8485
11/21/2017,10515.4335
11/22/2017,19804.5210
11/23/2017,15889.7145
11/24/2017,11151.5085
11/25/2017,10466.9235
11/26/2017,19899.9470
11/27/2017,11344.1460
11/28/2017,15841.1985
11/29/2017,14958.1245
11/30/2017,14309.0970
12/1/2017,10158.7083
12/2/2017,11464.5481
12/3/2017,17918.5033
12/4/2017,10180.8722
12/5/2017,11937.3044
12/6/2017,10524.4675
12/7/2017,16549.1361
12/8/2017,9982.9492
12/9/2017,17544.4732
12/10/2017,11093.1417
12/11/2017,10080.7083
12/12/2017,10117.4448
12/13/2017,19117.3439
12/14/2017,17484.2584
12/15/2017,11175.3232
12/16/2017,10274.9465
12/17/2017,17854.2546
12/18/2017,10180.8722
12/19/2017,10918.2095
12/20/2017,11351.2999
12/21/2017,15189.5018
12/22/2017,9982.9582
12/23/2017,10180.8722
12/24/2017,18831.4618
12/25/2017,10064.9018
12/26/2017,10262.8643
12/27/2017,18985.3320
12/28/2017,9963.4675
12/29/2017,17937.9850
12/30/2017,11093.8286
12/31/2017,10136.8265
1/1/2018,1071.7116
1/2/2018,1000.1799
1/3/2018,1025.3502
1/4/2018,1855.0794
1/5/2018,1689.0304
1/6/2018,1612.5027
1/7/2018,1026.0711
1/8/2018,1188.6885
1/9/2018,990.9210
1/10/2018,1587.8308
1/11/2018,1150.6442
1/12/2018,1709.2047
1/13/2018,1018.2872
1/14/2018,1115.6717
1/15/2018,971.8032
1/16/2018,1373.4016
1/17/2018,1053.7889
1/18/2018,1143.8287
1/19/2018,1049.4829
1/20/2018,1604.6027
1/21/2018,1064.7186
1/22/2018,1005.4665
1/23/2018,1107.9972
1/24/2018,1612.5022
1/25/2018,1242.7546
1/26/2018,991.2810
1/27/2018,1726.5827
1/28/2018,1187.5885
1/29/2018,991.6021
1/30/2018,1611.0659
1/31/2018,1100.4819
2/1/2018,832.3787
2/2/2018,877.2393
2/3/2018,1658.8717
2/4/2018,1744.0350
2/5/2018,861.2326
2/6/2018,1540.2725
2/7/2018,1006.0843
2/8/2018,844.5015
2/9/2018,892.8718
2/10/2018,954.1968
2/11/2018,1517.1514
2/12/2018,986.0868
2/13/2018,953.9168
2/14/2018,862.0762
2/15/2018,1725.7333
2/16/2018,1504.6058
2/17/2018,1115.5527
2/18/2018,1369.1819
2/19/2018,853.5604
2/20/2018,1515.6844
2/21/2018,951.5641
2/22/2018,1012.6155
2/23/2018,1523.9816
2/24/2018,965.4647
2/25/2018,1631.5842
2/26/2018,1015.5243
2/27/2018,1601.1528
2/28/2018,978.0221
3/1/2018,911.8930
3/2/2018,1440.7866
3/3/2018,928.0016
3/4/2018,967.2812
3/5/2018,1372.6271
3/6/2018,918.7793
3/7/2018,831.9700
3/8/2018,1479.4995
3/9/2018,925.3918
3/10/2018,827.0592
3/11/2018,978.6231
3/12/2018,1449.8603
3/13/2018,828.6951
3/14/2018,934.4973
3/15/2018,933.3952
3/16/2018,1456.8952
3/17/2018,957.1615
3/18/2018,843.7734
3/19/2018,1395.3529
3/20/2018,912.3846
3/21/2018,848.4218
3/22/2018,1012.3972
3/23/2018,844.9987
3/24/2018,1159.7502
3/25/2018,841.2326
3/26/2018,957.7298
3/27/2018,1392.1643
3/28/2018,911.8824
3/29/2018,942.4091
3/30/2018,1388.7257
3/31/2018,1486.6834
4/1/2018,377.6152
4/2/2018,378.2190
4/3/2018,668.6492
4/4/2018,696.6439
4/5/2018,381.6747
4/6/2018,641.2240
4/7/2018,421.3221
4/8/2018,419.0566
4/9/2018,433.3477
4/10/2018,674.6602
4/11/2018,380.7777
4/12/2018,466.3297
4/13/2018,623.3127
4/14/2018,425.6714
4/15/2018,382.8972
4/16/2018,670.3109
4/17/2018,428.9627
4/18/2018,378.5122
4/19/2018,425.2172
4/20/2018,421.8902
4/21/2018,633.5477
4/22/2018,418.7634
4/23/2018,382.2934
4/24/2018,722.2771
4/25/2018,641.2240
4/26/2018,371.4397
4/27/2018,466.6229
4/28/2018,687.0147
4/29/2018,424.6134
4/30/2018,377.6152
5/1/2018,1169.6033
5/2/2018,1142.7643
5/3/2018,1731.6765
5/4/2018,1183.2224
5/5/2018,1752.9023
5/6/2018,1036.4454
5/7/2018,1854.0556
5/8/2018,1053.2544
5/9/2018,1140.8988
5/10/2018,1104.6643
5/11/2018,1056.5747
5/12/2018,1063.2534
5/13/2018,1975.7459
5/14/2018,1084.7559
5/15/2018,1699.2796
5/16/2018,1047.7160
5/17/2018,1267.9957
5/18/2018,1077.5230
5/19/2018,1151.3950
5/20/2018,1711.5472
5/21/2018,1201.0382
5/22/2018,1073.2988
5/23/2018,1975.7019
5/24/2018,1699.2796
5/25/2018,1056.5737
5/26/2018,1269.8478
5/27/2018,1236.5875
5/28/2018,1057.3434
5/29/2018,1703.0062
5/30/2018,1798.0353
5/31/2018,1081.8305
6/1/2018,1820.4922
6/2/2018,2107.5122
6/3/2018,2092.1499
6/4/2018,2114.8855
6/5/2018,3350.9981
6/6/2018,3062.3622
6/7/2018,1858.2060
6/8/2018,2157.7972
6/9/2018,3265.9656
6/10/2018,1873.8169
6/11/2018,1889.3544
6/12/2018,3100.0760
6/13/2018,2292.5384
6/14/2018,1820.4922
6/15/2018,3583.2527
6/16/2018,1878.2239
6/17/2018,2051.3964
6/18/2018,2114.8855
6/19/2018,3399.6652
6/20/2018,2019.6886
6/21/2018,2127.4567
6/22/2018,1862.6130
6/23/2018,3062.3622
6/24/2018,1911.5307
6/25/2018,2253.3839
6/26/2018,3185.1085
6/27/2018,2257.7909
6/28/2018,3173.3452
6/29/2018,2019.6886
6/30/2018,3112.6472
7/1/2018,3297.2925
7/2/2018,3297.2925
7/3/2018,3297.2923
7/4/2018,6043.1589
7/5/2018,3772.3277
7/6/2018,5748.1190
7/7/2018,3368.8339
7/8/2018,3297.5925
7/9/2018,5712.6917
7/10/2018,3792.1995
7/11/2018,3336.3199
7/12/2018,3796.8748
7/13/2018,5638.3511
7/14/2018,3356.2941
7/15/2018,5109.3193
7/16/2018,3765.3809
7/17/2018,5752.1191
7/18/2018,5530.3362
7/19/2018,3609.0257
7/20/2018,3725.6536
7/21/2018,3388.0324
7/22/2018,3513.5639
7/23/2018,6207.5375
7/24/2018,3392.8831
7/25/2018,5444.7259
7/26/2018,3810.9130
7/27/2018,6285.7636
7/28/2018,3828.7093
7/29/2018,3689.7651
7/30/2018,3727.0256
7/31/2018,3356.2941
8/1/2018,128.8844
8/2/2018,128.8844
8/3/2018,145.6282
8/4/2018,218.4787
8/5/2018,220.7405
8/6/2018,160.0162
8/7/2018,133.7474
8/8/2018,137.5568
8/9/2018,223.5575
8/10/2018,142.2787
8/11/2018,128.8844
8/12/2018,131.7200
8/13/2018,150.1957
8/14/2018,215.7824
8/15/2018,143.2837
8/16/2018,145.9177
8/17/2018,218.0480
8/18/2018,146.8087
8/19/2018,148.3709
8/20/2018,143.3755
8/21/2018,211.2694
8/22/2018,130.4099
8/23/2018,163.6386
8/24/2018,215.0094
8/25/2018,134.9228
8/26/2018,144.2099
8/27/2018,148.1313
8/28/2018,210.5805
8/29/2018,225.6037
8/30/2018,148.1313
8/31/2018,211.3094
9/1/2018,4137.3486
9/2/2018,4188.6054
9/3/2018,4616.2239
9/4/2018,7517.4624
9/5/2018,6839.1666
9/6/2018,5025.2451
9/7/2018,4231.2816
9/8/2018,4178.7774
9/9/2018,7351.0539
9/10/2018,4663.8774
9/11/2018,6992.7354
9/12/2018,4059.8586
9/13/2018,4143.9636
9/14/2018,4622.4486
9/15/2018,7557.1269
9/16/2018,4181.8266
9/17/2018,4181.8266
9/18/2018,7913.6439
9/19/2018,4825.4724
9/20/2018,7438.2081
9/21/2018,4059.8586
9/22/2018,4059.8586
9/23/2018,7025.5836
9/24/2018,7794.7251
9/25/2018,4549.9731
9/26/2018,4709.7666
9/27/2018,4256.1036
9/28/2018,7794.7251
9/29/2018,4658.9001
9/30/2018,4818.6936
10/1/2018,1353.0028
10/2/2018,2332.5377
10/3/2018,1477.3783
10/4/2018,2211.3398
10/5/2018,2366.0515
10/6/2018,1373.8954
10/7/2018,2551.0236
10/8/2018,1337.1757
10/9/2018,1561.1894
10/10/2018,2277.1077
10/11/2018,1499.7296
10/12/2018,1850.3351
10/13/2018,1574.5234
10/14/2018,1474.3436
10/15/2018,2216.3624
10/16/2018,1574.4705
10/17/2018,1337.1757
10/18/2018,1570.6366
10/19/2018,2400.6771
10/20/2018,1361.0660
10/21/2018,1522.0176
10/22/2018,2205.1275
10/23/2018,1344.6755
10/24/2018,1547.6038
10/25/2018,2351.3360
10/26/2018,1536.8621
10/27/2018,1373.8954
10/28/2018,1635.1676
10/29/2018,1421.6990
10/30/2018,1461.5512
10/31/2018,1387.0730
11/1/2018,634.7231
11/2/2018,1133.7964
11/3/2018,702.6416
11/4/2018,634.7211
11/5/2018,1145.5100
11/6/2018,820.0804
11/7/2018,641.3278
11/8/2018,652.0781
11/9/2018,728.8925
11/10/2018,1138.6870
11/11/2018,640.3040
11/12/2018,1151.9216
11/13/2018,708.0041
11/14/2018,641.3278
11/15/2018,640.3040
11/16/2018,1231.6142
11/17/2018,721.5176
11/18/2018,703.6654
11/19/2018,628.3115
11/20/2018,1162.3931
11/21/2018,629.8325
11/22/2018,814.4995
11/23/2018,628.3115
11/24/2018,1158.5263
11/25/2018,1092.6806
11/26/2018,1058.4425
11/27/2018,721.0204
11/28/2018,1168.9978
11/29/2018,652.0781
11/30/2018,746.2475
12/1/2018,3291.9228
12/2/2018,3291.9228
12/3/2018,3836.4142
12/4/2018,5860.0386
12/5/2018,5480.1289
12/6/2018,3637.9844
12/7/2018,6189.9571
12/8/2018,3480.0659
12/9/2018,3262.6390
12/10/2018,4025.7855
12/11/2018,5455.9004
12/12/2018,3324.3157
12/13/2018,3368.8206
12/14/2018,6306.6953
12/15/2018,3294.8229
12/16/2018,3752.5287
12/17/2018,5868.6841
12/18/2018,3323.4157
12/19/2018,3363.8076
12/20/2018,4077.0223
12/21/2018,5456.1004
12/22/2018,3323.4057
12/23/2018,3754.7965
12/24/2018,5456.1004
12/25/2018,3291.9928
12/26/2018,5896.2560
12/27/2018,3598.0813
12/28/2018,5190.6738
12/29/2018,3384.6389
12/30/2018,3720.9558
12/31/2018,4111.0248
1/1/2019,1947.7092
1/2/2019,1954.9739
1/3/2019,2744.3320
1/4/2019,1697.4311
1/5/2019,2970.7766
1/6/2019,2112.6669
1/7/2019,2402.9787
1/8/2019,1790.5370
1/9/2019,3175.1054
1/10/2019,1691.8886
1/11/2019,1730.0092
1/12/2019,2013.8496
1/13/2019,2960.3733
1/14/2019,1707.9966
1/15/2019,1829.0271
1/16/2019,1940.5714
1/17/2019,3174.9054
1/18/2019,1790.7380
1/19/2019,1746.0092
1/20/2019,2071.2180
1/21/2019,2829.0592
1/22/2019,1880.5575
1/23/2019,1770.7543
1/24/2019,3058.5543
1/25/2019,1928.4011
1/26/2019,1915.1261
1/27/2019,1764.6317
1/28/2019,2840.8913
1/29/2019,2965.3703
1/30/2019,1738.9081
1/31/2019,1751.7334
2/1/2019,1736.9861
2/2/2019,1635.0159
2/3/2019,1159.0926
2/4/2019,930.8012
2/5/2019,1731.3876
2/6/2019,1051.3444
2/7/2019,1079.4820
2/8/2019,1612.6618
2/9/2019,964.7282
2/10/2019,1635.0461
2/11/2019,1132.0389
2/12/2019,1642.2180
2/13/2019,933.7189
2/14/2019,1029.8809
2/15/2019,1031.6229
2/16/2019,1745.5872
2/17/2019,908.4097
2/18/2019,1638.6410
2/19/2019,1149.7445
2/20/2019,989.8847
2/21/2019,1658.8656
2/22/2019,1030.0659
2/23/2019,1023.1757
2/24/2019,1768.5004
2/25/2019,1007.6949
2/26/2019,1437.3556
2/27/2019,962.1635
2/28/2019,890.4890
3/1/2019,168.3205
3/2/2019,119.4416
3/3/2019,104.8377
3/4/2019,180.8926
3/5/2019,121.8760
3/6/2019,89.1768
3/7/2019,115.6868
3/8/2019,105.3772
3/9/2019,104.9177
3/10/2019,185.7419
3/11/2019,110.2343
3/12/2019,103.3838
3/13/2019,181.3261
3/14/2019,117.1699
3/15/2019,106.9213
3/16/2019,177.1379
3/17/2019,105.1345
3/18/2019,113.3343
3/19/2019,184.5360
3/20/2019,103.8599
3/21/2019,107.4100
3/22/2019,114.1525
3/23/2019,111.6853
3/24/2019,169.9822
3/25/2019,115.8477
3/26/2019,119.4416
3/27/2019,169.6871
3/28/2019,169.9682
3/29/2019,127.3333
3/30/2019,126.9910
3/31/2019,168.3202
4/1/2019,463.3420
4/2/2019,471.6115
4/3/2019,748.0469
4/4/2019,426.8736
4/5/2019,711.7993
4/6/2019,406.2449
4/7/2019,438.3693
4/8/2019,711.0398
4/9/2019,514.2513
4/10/2019,407.0044
4/11/2019,411.7601
4/12/2019,681.9208
4/13/2019,504.1380
4/14/2019,397.9754
4/15/2019,679.6749
4/16/2019,711.0398
4/17/2019,453.9885
4/18/2019,409.9153
4/19/2019,731.6685
4/20/2019,456.8991
4/21/2019,671.4054
4/22/2019,457.1542
4/23/2019,453.2287
4/24/2019,408.0887
4/25/2019,672.1649
4/26/2019,452.7243
4/27/2019,461.4982
4/28/2019,744.3765
4/29/2019,445.8793
4/30/2019,414.9347
5/1/2019,4755.9271
5/2/2019,5279.6740
5/3/2019,7670.5751
5/4/2019,8325.0482
5/5/2019,5074.2934
5/6/2019,7157.1914
5/7/2019,4731.3721
5/8/2019,5319.8371
5/9/2019,4775.3596
5/10/2019,8778.4313
5/11/2019,4585.8924
5/12/2019,4731.3391
5/13/2019,8228.7247
5/14/2019,4641.5593
5/15/2019,5788.9650
5/16/2019,5217.7139
5/17/2019,4814.2336
5/18/2019,8245.3193
5/19/2019,5245.0591
5/20/2019,4640.9591
5/21/2019,4881.2724
5/22/2019,8317.4109
5/23/2019,5074.2434
5/24/2019,4730.9721
5/25/2019,7863.9124
5/26/2019,7692.8608
5/27/2019,5837.1217
5/28/2019,5074.2934
5/29/2019,5253.0763
5/30/2019,4841.9439
5/31/2019,8063.7797
6/1/2019,1829.6912
6/2/2019,3120.1295
6/3/2019,3404.6070
6/4/2019,2100.7302
6/5/2019,2193.3007
6/6/2019,3321.9777
6/7/2019,1824.6599
6/8/2019,2177.3131
6/9/2019,3296.6666
6/10/2019,1824.6599
6/11/2019,2313.9960
6/12/2019,3154.9524
6/13/2019,1829.6912
6/14/2019,1824.6599
6/15/2019,3612.9310
6/16/2019,1856.0174
6/17/2019,3082.2962
6/18/2019,2259.3483
6/19/2019,1887.8043
6/20/2019,3368.2182
6/21/2019,1862.4932
6/22/2019,2105.7615
6/23/2019,3376.7149
6/24/2019,2138.5635
6/25/2019,1829.6912
6/26/2019,2109.1374
6/27/2019,3115.0982
6/28/2019,2023.0427
6/29/2019,2312.5515
6/30/2019,1829.6892
7/1/2019,3302.4835
7/2/2019,3302.4835
7/3/2019,3767.0823
7/4/2019,5836.8476
7/5/2019,3820.3266
7/6/2019,3541.0334
7/7/2019,3366.8096
7/8/2019,5715.7657
7/9/2019,3426.3024
7/10/2019,3283.3750
7/11/2019,5737.3195
7/12/2019,3380.8502
7/13/2019,3302.4835
7/14/2019,5559.9383
7/15/2019,4119.1766
7/16/2019,5525.6136
7/17/2019,3898.2963
7/18/2019,3370.8046
7/19/2019,3610.7881
7/20/2019,5488.5112
7/21/2019,3864.9773
7/22/2019,3703.6652
7/23/2019,5517.4018
7/24/2019,3445.4783
7/25/2019,6246.1910
7/26/2019,3409.6355
7/27/2019,5521.3632
7/28/2019,4040.5869
7/29/2019,6310.1171
7/30/2019,3302.4835
7/31/2019,3381.1522
8/1/2019,130.2888
8/2/2019,131.6594
8/3/2019,135.2898
8/4/2019,219.0157
8/5/2019,162.1648
8/6/2019,181.7869
8/7/2019,158.7092
8/8/2019,133.2688
8/9/2019,226.0773
8/10/2019,148.5397
8/11/2019,215.1447
8/12/2019,143.4558
8/13/2019,133.7734
8/14/2019,219.9502
8/15/2019,150.4887
8/16/2019,146.9345
8/17/2019,144.4798
8/18/2019,217.1173
8/19/2019,165.8121
8/20/2019,144.8264
8/21/2019,137.3088
8/22/2019,232.4122
8/23/2019,134.8845
8/24/2019,133.4871
8/25/2019,229.9209
8/26/2019,147.0888
8/27/2019,132.7824
8/28/2019,147.4961
8/29/2019,232.3076
8/30/2019,244.7915
8/31/2019,130.2888
9/1/2019,4149.9461
9/2/2019,4072.8821
9/3/2019,5079.7735
9/4/2019,4072.8821
9/5/2019,7718.5937
9/6/2019,7371.2245
9/7/2019,4135.3931
9/8/2019,7835.6959
9/9/2019,4253.2661
9/10/2019,4110.3797
9/11/2019,7263.7969
9/12/2019,4817.7461
9/13/2019,4577.8045
9/14/2019,6858.8831
9/15/2019,4149.9461
9/16/2019,7571.5997
9/17/2019,4554.8599
9/18/2019,4817.7461
9/19/2019,7444.4659
9/20/2019,4172.8907
9/21/2019,4264.7927
9/22/2019,4667.4407
9/23/2019,7263.7969
9/24/2019,4862.6627
9/25/2019,6858.8831
9/26/2019,4323.1961
9/27/2019,4477.7959
9/28/2019,4573.6969
9/29/2019,7596.6131
9/30/2019,4699.8731
10/1/2019,1480.8191
10/2/2019,1560.4019
10/3/2019,2414.2349
10/4/2019,1340.5179
10/5/2019,1514.7679
10/6/2019,2490.4187
10/7/2019,1379.2767
10/8/2019,1362.1109
10/9/2019,1469.0431
10/10/2019,2428.3431
10/11/2019,1348.0964
10/12/2019,1372.4010
10/13/2019,1491.6237
10/14/2019,2214.6483
10/15/2019,1548.7884
10/16/2019,2331.8015
10/17/2019,1511.4748
10/18/2019,2048.0900
10/19/2019,1354.0859
10/20/2019,2419.2302
10/21/2019,1340.5171
10/22/2019,1514.7859
10/23/2019,1398.5057
10/24/2019,1376.7820
10/25/2019,2377.3698
10/26/2019,1534.4288
10/27/2019,2203.0694
10/28/2019,1643.5201
10/29/2019,2434.9596
10/30/2019,1340.4979
10/31/2019,1376.1126
11/1/2019,629.6695
11/2/2019,642.7443
11/3/2019,645.6595
11/4/2019,813.9492
11/5/2019,732.2220
11/6/2019,1072.8070
11/7/2019,1083.7777
11/8/2019,1225.0845
11/9/2019,658.1188
11/10/2019,635.4727
11/11/2019,1222.8322
11/12/2019,644.3831
11/13/2019,661.0088
11/14/2019,1091.0493
11/15/2019,795.6847
11/16/2019,653.1015
11/17/2019,1160.1670
11/18/2019,792.7695
11/19/2019,1155.1477
11/20/2019,722.8327
11/21/2019,640.4920
11/22/2019,707.0483
11/23/2019,1142.2785
11/24/2019,745.4808
11/25/2019,640.4920
11/26/2019,642.7443
11/27/2019,1132.0917
11/28/2019,642.7443
11/29/2019,1217.8129
11/30/2019,637.1095
12/1/2019,5420.1328
12/2/2019,3795.8063
12/3/2019,3610.2874
12/4/2019,3662.7482
12/5/2019,5554.8173
12/6/2019,3897.0289
12/7/2019,3379.1621
12/8/2019,5857.7350
12/9/2019,3360.8836
12/10/2019,3610.2826
12/11/2019,3356.7467
12/12/2019,3804.3030
12/13/2019,6056.0577
12/14/2019,3378.3253
12/15/2019,3296.5322
12/16/2019,3632.9675
12/17/2019,5998.0936
12/18/2019,3296.6622
12/19/2019,3417.2943
12/20/2019,3763.8688
12/21/2019,5543.0084
12/22/2019,3807.4254
12/23/2019,5733.7482
12/24/2019,5467.6735
12/25/2019,3871.1968
12/26/2019,3604.4645
12/27/2019,3325.1663
12/28/2019,5027.5193
12/29/2019,5927.7736
12/30/2019,4112.1058
12/31/2019,3296.6622
