Date,Total Industrial WF
1/1/2015,51053.616
1/2/2015,12548.773
1/3/2015,68648.103
1/4/2015,45751.159
1/5/2015,79940.897
1/6/2015,19245.285
1/7/2015,18910.722
1/8/2015,98399.589
1/9/2015,104136.278
1/10/2015,118910.142
1/11/2015,37106.840
1/12/2015,119256.646
1/13/2015,73359.742
1/14/2015,48111.957
1/15/2015,120100.042
1/16/2015,119961.397
1/17/2015,53674.327
1/18/2015,14906.983
1/19/2015,38775.892
1/20/2015,99192.212
1/21/2015,76652.300
1/22/2015,38718.405
1/23/2015,94025.720
1/24/2015,31392.898
1/25/2015,78362.735
1/26/2015,55879.135
1/27/2015,66815.427
1/28/2015,76905.290
1/29/2015,101283.210
1/30/2015,95475.125
1/31/2015,102442.845
2/1/2015,106533.981
2/2/2015,15889.610
2/3/2015,44275.735
2/4/2015,89461.495
2/5/2015,20281.337
2/6/2015,54892.149
2/7/2015,32102.668
2/8/2015,110463.137
2/9/2015,22821.333
2/10/2015,103732.658
2/11/2015,85178.337
2/12/2015,80304.877
2/13/2015,71005.709
2/14/2015,57378.169
2/15/2015,66830.421
2/16/2015,22922.377
2/17/2015,58331.408
2/18/2015,91627.230
2/19/2015,89358.696
2/20/2015,49780.901
2/21/2015,26638.372
2/22/2015,119192.185
2/23/2015,18879.482
2/24/2015,72168.557
2/25/2015,74633.601
2/26/2015,55985.633
2/27/2015,35109.857
2/28/2015,90623.763
3/1/2015,43056.937
3/2/2015,29346.848
3/3/2015,51090.542
3/4/2015,91363.282
3/5/2015,75784.768
3/6/2015,50871.709
3/7/2015,115724.697
3/8/2015,59507.159
3/9/2015,102318.108
3/10/2015,12762.882
3/11/2015,86225.332
3/12/2015,78643.418
3/13/2015,107403.103
3/14/2015,46149.654
3/15/2015,6813.387
3/16/2015,79934.447
3/17/2015,53833.639
3/18/2015,78899.246
3/19/2015,35918.692
3/20/2015,89883.556
3/21/2015,46328.929
3/22/2015,83195.377
3/23/2015,42750.750
3/24/2015,9537.661
3/25/2015,115826.065
3/26/2015,27605.818
3/27/2015,19718.311
3/28/2015,37332.649
3/29/2015,80464.627
3/30/2015,93102.548
3/31/2015,115048.810
4/1/2015,37674.379
4/2/2015,55101.983
4/3/2015,56340.039
4/4/2015,26087.295
4/5/2015,77628.798
4/6/2015,39464.121
4/7/2015,88751.218
4/8/2015,9987.849
4/9/2015,87752.436
4/10/2015,70713.399
4/11/2015,60678.101
4/12/2015,11548.657
4/13/2015,109841.567
4/14/2015,20456.502
4/15/2015,14560.982
4/16/2015,75592.988
4/17/2015,75614.069
4/18/2015,9595.758
4/19/2015,23692.556
4/20/2015,75860.832
4/21/2015,70996.348
4/22/2015,15533.558
4/23/2015,35757.274
4/24/2015,35549.159
4/25/2015,92410.657
4/26/2015,72613.179
4/27/2015,84615.285
4/28/2015,101364.724
4/29/2015,91981.793
4/30/2015,103938.907
5/1/2015,87567.563
5/2/2015,61601.154
5/3/2015,93657.595
5/4/2015,96581.828
5/5/2015,45594.447
5/6/2015,26016.900
5/7/2015,88359.272
5/8/2015,65608.951
5/9/2015,75983.970
5/10/2015,96473.335
5/11/2015,61650.348
5/12/2015,27456.782
5/13/2015,82839.889
5/14/2015,82762.781
5/15/2015,71006.273
5/16/2015,8624.003
5/17/2015,92067.273
5/18/2015,76766.189
5/19/2015,24952.457
5/20/2015,51819.955
5/21/2015,93199.878
5/22/2015,44797.997
5/23/2015,52455.115
5/24/2015,91361.343
5/25/2015,36321.275
5/26/2015,10645.886
5/27/2015,75786.412
5/28/2015,7438.933
5/29/2015,97785.534
5/30/2015,22119.471
5/31/2015,75165.129
6/1/2015,24411.974
6/2/2015,79894.341
6/3/2015,21949.611
6/4/2015,17522.004
6/5/2015,49491.269
6/6/2015,45832.885
6/7/2015,80326.486
6/8/2015,76412.451
6/9/2015,90592.342
6/10/2015,16223.056
6/11/2015,70355.651
6/12/2015,21789.482
6/13/2015,50927.847
6/14/2015,6260.614
6/15/2015,36025.966
6/16/2015,79816.549
6/17/2015,18043.388
6/18/2015,61476.888
6/19/2015,27493.751
6/20/2015,64972.544
6/21/2015,7241.633
6/22/2015,90813.425
6/23/2015,51441.736
6/24/2015,70434.256
6/25/2015,64882.073
6/26/2015,48099.467
6/27/2015,36089.126
6/28/2015,29789.479
6/29/2015,62797.203
6/30/2015,41666.857
7/1/2015,40645.912
7/2/2015,5751.601
7/3/2015,37582.232
7/4/2015,104721.622
7/5/2015,15881.100
7/6/2015,89589.811
7/7/2015,93242.921
7/8/2015,112829.319
7/9/2015,51406.376
7/10/2015,67415.947
7/11/2015,68107.186
7/12/2015,37811.344
7/13/2015,81665.766
7/14/2015,111071.872
7/15/2015,23759.474
7/16/2015,38504.708
7/17/2015,39667.945
7/18/2015,86651.831
7/19/2015,61191.772
7/20/2015,69811.159
7/21/2015,115557.003
7/22/2015,65929.587
7/23/2015,119258.633
7/24/2015,46946.303
7/25/2015,11763.123
7/26/2015,51689.273
7/27/2015,35068.301
7/28/2015,35965.366
7/29/2015,106845.971
7/30/2015,96575.936
7/31/2015,120909.733
8/1/2015,14446.384
8/2/2015,92622.697
8/3/2015,201304.500
8/4/2015,122878.148
8/5/2015,37943.998
8/6/2015,35509.872
8/7/2015,67192.601
8/8/2015,184204.209
8/9/2015,115489.089
8/10/2015,133222.098
8/11/2015,32583.435
8/12/2015,210187.698
8/13/2015,159808.229
8/14/2015,18457.690
8/15/2015,208910.490
8/16/2015,15114.131
8/17/2015,35788.340
8/18/2015,219870.811
8/19/2015,168992.606
8/20/2015,175850.143
8/21/2015,21498.955
8/22/2015,196558.991
8/23/2015,89135.383
8/24/2015,193248.274
8/25/2015,117598.272
8/26/2015,119728.561
8/27/2015,63827.553
8/28/2015,224638.070
8/29/2015,150303.062
8/30/2015,208090.793
8/31/2015,138288.044
9/1/2015,113059.640
9/2/2015,78695.557
9/3/2015,112690.221
9/4/2015,64770.400
9/5/2015,22903.698
9/6/2015,96350.941
9/7/2015,41329.765
9/8/2015,83093.600
9/9/2015,58299.784
9/10/2015,69622.833
9/11/2015,70606.029
9/12/2015,46640.461
9/13/2015,59689.209
9/14/2015,4689.783
9/15/2015,27786.106
9/16/2015,21249.421
9/17/2015,52353.845
9/18/2015,101286.690
9/19/2015,102676.343
9/20/2015,91207.019
9/21/2015,109536.365
9/22/2015,79019.402
9/23/2015,108197.858
9/24/2015,68667.320
9/25/2015,12379.187
9/26/2015,30594.772
9/27/2015,68931.835
9/28/2015,76322.711
9/29/2015,9851.765
9/30/2015,90068.070
10/1/2015,142821.116
10/2/2015,39061.958
10/3/2015,113059.898
10/4/2015,84127.286
10/5/2015,147126.112
10/6/2015,31865.494
10/7/2015,30280.086
10/8/2015,74311.068
10/9/2015,112957.348
10/10/2015,5402.359
10/11/2015,37339.743
10/12/2015,130460.970
10/13/2015,20783.818
10/14/2015,70671.968
10/15/2015,129388.358
10/16/2015,11715.175
10/17/2015,69872.973
10/18/2015,53384.770
10/19/2015,68801.443
10/20/2015,102378.196
10/21/2015,72218.816
10/22/2015,33100.083
10/23/2015,72058.422
10/24/2015,118741.177
10/25/2015,12722.304
10/26/2015,9735.775
10/27/2015,97249.961
10/28/2015,47904.913
10/29/2015,76443.228
10/30/2015,26853.772
10/31/2015,119509.105
11/1/2015,55091.681
11/2/2015,14201.344
11/3/2015,121339.350
11/4/2015,28128.520
11/5/2015,23991.462
11/6/2015,43985.231
11/7/2015,119548.023
11/8/2015,58807.958
11/9/2015,80897.811
11/10/2015,70243.686
11/11/2015,40176.616
11/12/2015,86643.656
11/13/2015,60572.596
11/14/2015,42095.095
11/15/2015,112303.655
11/16/2015,116761.550
11/17/2015,108045.877
11/18/2015,28109.931
11/19/2015,115566.662
11/20/2015,96748.891
11/21/2015,56809.968
11/22/2015,91157.704
11/23/2015,38863.547
11/24/2015,74096.252
11/25/2015,51010.813
11/26/2015,58378.627
11/27/2015,43582.703
11/28/2015,24631.053
11/29/2015,79801.963
11/30/2015,30677.006
12/1/2015,24383.904
12/2/2015,82089.847
12/3/2015,82622.186
12/4/2015,43017.568
12/5/2015,100982.072
12/6/2015,24708.600
12/7/2015,28624.023
12/8/2015,56373.093
12/9/2015,78044.928
12/10/2015,96205.052
12/11/2015,13530.966
12/12/2015,106107.473
12/13/2015,6955.585
12/14/2015,75025.280
12/15/2015,41193.140
12/16/2015,20040.132
12/17/2015,88276.957
12/18/2015,79255.895
12/19/2015,82840.548
12/20/2015,53014.384
12/21/2015,70223.899
12/22/2015,17806.622
12/23/2015,105139.926
12/24/2015,59567.401
12/25/2015,111215.185
12/26/2015,28725.907
12/27/2015,92641.491
12/28/2015,93580.645
12/29/2015,43604.734
12/30/2015,37432.040
12/31/2015,56768.187
1/1/2016,92915.981
1/2/2016,41322.835
1/3/2016,36691.727
1/4/2016,67493.508
1/5/2016,13515.133
1/6/2016,119581.750
1/7/2016,72911.516
1/8/2016,67482.024
1/9/2016,54612.999
1/10/2016,37378.692
1/11/2016,56926.325
1/12/2016,58212.267
1/13/2016,126486.113
1/14/2016,12238.287
1/15/2016,17910.335
1/16/2016,57545.772
1/17/2016,100531.686
1/18/2016,41123.221
1/19/2016,77274.155
1/20/2016,50106.109
1/21/2016,68896.714
1/22/2016,85956.828
1/23/2016,102789.734
1/24/2016,43031.303
1/25/2016,36395.385
1/26/2016,119868.241
1/27/2016,104712.734
1/28/2016,30296.770
1/29/2016,91095.345
1/30/2016,28032.328
1/31/2016,95741.301
2/1/2016,21769.472
2/2/2016,33186.322
2/3/2016,74427.168
2/4/2016,90485.727
2/5/2016,89720.063
2/6/2016,103454.205
2/7/2016,79438.836
2/8/2016,7162.896
2/9/2016,32278.648
2/10/2016,84362.560
2/11/2016,57253.708
2/12/2016,123059.376
2/13/2016,56161.437
2/14/2016,20265.944
2/15/2016,79585.142
2/16/2016,53988.009
2/17/2016,136613.455
2/18/2016,88320.974
2/19/2016,21212.144
2/20/2016,100115.037
2/21/2016,11101.734
2/22/2016,87220.525
2/23/2016,61862.712
2/24/2016,123094.258
2/25/2016,50630.810
2/26/2016,64649.254
2/27/2016,69364.671
2/28/2016,123423.428
2/29/2016,10171.401
3/1/2016,60374.260
3/2/2016,36805.028
3/3/2016,95923.639
3/4/2016,11433.617
3/5/2016,60858.775
3/6/2016,93554.509
3/7/2016,23856.421
3/8/2016,25095.416
3/9/2016,58623.965
3/10/2016,37969.639
3/11/2016,93060.503
3/12/2016,68986.700
3/13/2016,18696.767
3/14/2016,57175.413
3/15/2016,24671.021
3/16/2016,86629.034
3/17/2016,86117.952
3/18/2016,46105.962
3/19/2016,70353.216
3/20/2016,90049.264
3/21/2016,65500.632
3/22/2016,67667.173
3/23/2016,34070.306
3/24/2016,31245.175
3/25/2016,36564.194
3/26/2016,31225.793
3/27/2016,85971.490
3/28/2016,37491.139
3/29/2016,36313.384
3/30/2016,80398.264
3/31/2016,68507.157
4/1/2016,40170.687
4/2/2016,22713.361
4/3/2016,102283.809
4/4/2016,52969.680
4/5/2016,12615.485
4/6/2016,56752.287
4/7/2016,106258.926
4/8/2016,82222.369
4/9/2016,24689.655
4/10/2016,31564.251
4/11/2016,25768.560
4/12/2016,28289.609
4/13/2016,20376.831
4/14/2016,91367.323
4/15/2016,32590.829
4/16/2016,52974.002
4/17/2016,59888.239
4/18/2016,60996.732
4/19/2016,47565.285
4/20/2016,30291.528
4/21/2016,78517.272
4/22/2016,37372.622
4/23/2016,76960.557
4/24/2016,70788.059
4/25/2016,88025.819
4/26/2016,62490.517
4/27/2016,59090.255
4/28/2016,86184.208
4/29/2016,99969.140
4/30/2016,17577.445
5/1/2016,136732.315
5/2/2016,19140.749
5/3/2016,73525.289
5/4/2016,123989.136
5/5/2016,26215.842
5/6/2016,119798.493
5/7/2016,124917.135
5/8/2016,61676.392
5/9/2016,69790.258
5/10/2016,52607.446
5/11/2016,72242.181
5/12/2016,111958.402
5/13/2016,85410.226
5/14/2016,104880.495
5/15/2016,39926.631
5/16/2016,34998.755
5/17/2016,25389.465
5/18/2016,58159.416
5/19/2016,38193.532
5/20/2016,29245.314
5/21/2016,103801.366
5/22/2016,18964.421
5/23/2016,19580.888
5/24/2016,109747.825
5/25/2016,35475.479
5/26/2016,26501.863
5/27/2016,13750.488
5/28/2016,14346.847
5/29/2016,19226.256
5/30/2016,58086.639
5/31/2016,62743.468
6/1/2016,55412.568
6/2/2016,47274.810
6/3/2016,13397.625
6/4/2016,13265.036
6/5/2016,75606.754
6/6/2016,83716.439
6/7/2016,67282.342
6/8/2016,103496.005
6/9/2016,31864.060
6/10/2016,42734.476
6/11/2016,49304.441
6/12/2016,20944.417
6/13/2016,11399.028
6/14/2016,79937.936
6/15/2016,47450.889
6/16/2016,69379.197
6/17/2016,18916.046
6/18/2016,75872.010
6/19/2016,80046.781
6/20/2016,42058.122
6/21/2016,14651.863
6/22/2016,51409.096
6/23/2016,100376.075
6/24/2016,82461.035
6/25/2016,108523.668
6/26/2016,80357.741
6/27/2016,26455.006
6/28/2016,89974.189
6/29/2016,17726.847
6/30/2016,45202.441
7/1/2016,62781.458
7/2/2016,125446.514
7/3/2016,112593.679
7/4/2016,134893.819
7/5/2016,71837.344
7/6/2016,114187.544
7/7/2016,53935.738
7/8/2016,36762.737
7/9/2016,63990.431
7/10/2016,44833.912
7/11/2016,137736.220
7/12/2016,134022.845
7/13/2016,37724.981
7/14/2016,36158.207
7/15/2016,49106.048
7/16/2016,71538.250
7/17/2016,83508.208
7/18/2016,24226.338
7/19/2016,72539.904
7/20/2016,86921.616
7/21/2016,121108.675
7/22/2016,110985.385
7/23/2016,9478.742
7/24/2016,36480.494
7/25/2016,29843.853
7/26/2016,40544.425
7/27/2016,93447.763
7/28/2016,110982.004
7/29/2016,50577.062
7/30/2016,135186.910
7/31/2016,61213.946
8/1/2016,85029.337
8/2/2016,238034.408
8/3/2016,160434.498
8/4/2016,234555.283
8/5/2016,92709.149
8/6/2016,147627.680
8/7/2016,207023.116
8/8/2016,57946.501
8/9/2016,149675.033
8/10/2016,178485.188
8/11/2016,82102.693
8/12/2016,169630.347
8/13/2016,169335.582
8/14/2016,162915.202
8/15/2016,73891.644
8/16/2016,233531.131
8/17/2016,76136.685
8/18/2016,173594.838
8/19/2016,204453.591
8/20/2016,46111.724
8/21/2016,236149.037
8/22/2016,161440.301
8/23/2016,65846.486
8/24/2016,169714.091
8/25/2016,147012.603
8/26/2016,44573.617
8/27/2016,37112.553
8/28/2016,130504.394
8/29/2016,24419.258
8/30/2016,105458.440
8/31/2016,195459.536
9/1/2016,65481.097
9/2/2016,225253.790
9/3/2016,111959.420
9/4/2016,38438.543
9/5/2016,141255.693
9/6/2016,97075.673
9/7/2016,173541.926
9/8/2016,139064.626
9/9/2016,133343.324
9/10/2016,144906.378
9/11/2016,210368.652
9/12/2016,52716.820
9/13/2016,131329.152
9/14/2016,199057.700
9/15/2016,185925.839
9/16/2016,165114.093
9/17/2016,178700.192
9/18/2016,96869.345
9/19/2016,77678.914
9/20/2016,46310.294
9/21/2016,204032.972
9/22/2016,149727.961
9/23/2016,86863.302
9/24/2016,242177.420
9/25/2016,98470.760
9/26/2016,135903.494
9/27/2016,195058.056
9/28/2016,43302.259
9/29/2016,179311.033
9/30/2016,119215.953
10/1/2016,78159.880
10/2/2016,121077.757
10/3/2016,92072.349
10/4/2016,58448.699
10/5/2016,23815.272
10/6/2016,136137.851
10/7/2016,108766.975
10/8/2016,68011.200
10/9/2016,38038.696
10/10/2016,78204.165
10/11/2016,92025.723
10/12/2016,130235.727
10/13/2016,50915.151
10/14/2016,86102.190
10/15/2016,57694.558
10/16/2016,74022.747
10/17/2016,131128.263
10/18/2016,43352.475
10/19/2016,73676.894
10/20/2016,97934.007
10/21/2016,49059.839
10/22/2016,44802.893
10/23/2016,60061.241
10/24/2016,123188.161
10/25/2016,63624.838
10/26/2016,139305.538
10/27/2016,150220.102
10/28/2016,44035.659
10/29/2016,135796.618
10/30/2016,134140.106
10/31/2016,47821.567
11/1/2016,45800.859
11/2/2016,67181.405
11/3/2016,94346.848
11/4/2016,142849.715
11/5/2016,49103.182
11/6/2016,142660.446
11/7/2016,83308.157
11/8/2016,131823.965
11/9/2016,52545.653
11/10/2016,107338.284
11/11/2016,143092.764
11/12/2016,63371.352
11/13/2016,121369.400
11/14/2016,88749.838
11/15/2016,116618.804
11/16/2016,135073.004
11/17/2016,50849.909
11/18/2016,27522.533
11/19/2016,125755.286
11/20/2016,76132.298
11/21/2016,61408.683
11/22/2016,112981.501
11/23/2016,54275.876
11/24/2016,42768.634
11/25/2016,43261.316
11/26/2016,70483.915
11/27/2016,13685.997
11/28/2016,91709.396
11/29/2016,64012.034
11/30/2016,91598.647
12/1/2016,104221.067
12/2/2016,93670.059
12/3/2016,42965.870
12/4/2016,112757.848
12/5/2016,43070.297
12/6/2016,129914.433
12/7/2016,60208.204
12/8/2016,82859.492
12/9/2016,91980.362
12/10/2016,73945.454
12/11/2016,141465.193
12/12/2016,142396.481
12/13/2016,43428.618
12/14/2016,104797.473
12/15/2016,138622.181
12/16/2016,49525.743
12/17/2016,36328.820
12/18/2016,50869.727
12/19/2016,130608.671
12/20/2016,59480.560
12/21/2016,77914.013
12/22/2016,26468.885
12/23/2016,13369.631
12/24/2016,48278.006
12/25/2016,41060.291
12/26/2016,85992.214
12/27/2016,52797.270
12/28/2016,72157.945
12/29/2016,138100.957
12/30/2016,112494.559
12/31/2016,110998.954
1/1/2017,45748.991
1/2/2017,30358.581
1/3/2017,100870.731
1/4/2017,108226.056
1/5/2017,11161.827
1/6/2017,83711.475
1/7/2017,41375.104
1/8/2017,49904.189
1/9/2017,74993.646
1/10/2017,22699.050
1/11/2017,72377.735
1/12/2017,51683.966
1/13/2017,112268.284
1/14/2017,40743.138
1/15/2017,122562.006
1/16/2017,130493.704
1/17/2017,96052.167
1/18/2017,15926.257
1/19/2017,26815.619
1/20/2017,66826.109
1/21/2017,102929.811
1/22/2017,63261.708
1/23/2017,86404.408
1/24/2017,103487.697
1/25/2017,92656.156
1/26/2017,26749.290
1/27/2017,123534.646
1/28/2017,94476.445
1/29/2017,90677.398
1/30/2017,49794.648
1/31/2017,70580.077
2/1/2017,122301.000
2/2/2017,106987.514
2/3/2017,58174.959
2/4/2017,51098.472
2/5/2017,74155.248
2/6/2017,28462.939
2/7/2017,95285.830
2/8/2017,111849.853
2/9/2017,69309.091
2/10/2017,55752.096
2/11/2017,78011.106
2/12/2017,99150.447
2/13/2017,44636.947
2/14/2017,60111.914
2/15/2017,71807.610
2/16/2017,40407.990
2/17/2017,91167.165
2/18/2017,11111.265
2/19/2017,81051.139
2/20/2017,91016.586
2/21/2017,34485.224
2/22/2017,59028.168
2/23/2017,11993.330
2/24/2017,49818.537
2/25/2017,111564.936
2/26/2017,97523.826
2/27/2017,91625.336
2/28/2017,77198.193
3/1/2017,122077.329
3/2/2017,26075.160
3/3/2017,69949.608
3/4/2017,53770.247
3/5/2017,56780.711
3/6/2017,106347.979
3/7/2017,94903.406
3/8/2017,88051.396
3/9/2017,78282.371
3/10/2017,126751.529
3/11/2017,17941.398
3/12/2017,98382.148
3/13/2017,49221.672
3/14/2017,28034.741
3/15/2017,53329.792
3/16/2017,81519.073
3/17/2017,120003.679
3/18/2017,25151.498
3/19/2017,41108.990
3/20/2017,56043.271
3/21/2017,61396.390
3/22/2017,101983.802
3/23/2017,45920.216
3/24/2017,97786.689
3/25/2017,104339.002
3/26/2017,102639.249
3/27/2017,53790.876
3/28/2017,27515.314
3/29/2017,67361.043
3/30/2017,85412.682
3/31/2017,118593.978
4/1/2017,94995.794
4/2/2017,107769.407
4/3/2017,89470.285
4/4/2017,118550.515
4/5/2017,63894.180
4/6/2017,128825.290
4/7/2017,96042.221
4/8/2017,68241.614
4/9/2017,96095.930
4/10/2017,47770.736
4/11/2017,50302.564
4/12/2017,86885.237
4/13/2017,39891.346
4/14/2017,56602.887
4/15/2017,127880.494
4/16/2017,100809.191
4/17/2017,22243.938
4/18/2017,55942.026
4/19/2017,51630.486
4/20/2017,97564.721
4/21/2017,72134.055
4/22/2017,76618.677
4/23/2017,38572.411
4/24/2017,35043.371
4/25/2017,39078.893
4/26/2017,110365.971
4/27/2017,90733.638
4/28/2017,59185.225
4/29/2017,127911.432
4/30/2017,14398.588
5/1/2017,36997.955
5/2/2017,26873.551
5/3/2017,120466.289
5/4/2017,30369.717
5/5/2017,36632.341
5/6/2017,12816.094
5/7/2017,108713.669
5/8/2017,26447.671
5/9/2017,74034.277
5/10/2017,35964.705
5/11/2017,103890.683
5/12/2017,34532.872
5/13/2017,51850.572
5/14/2017,137732.411
5/15/2017,149036.860
5/16/2017,137501.193
5/17/2017,86232.454
5/18/2017,23517.415
5/19/2017,37167.249
5/20/2017,10346.379
5/21/2017,110592.082
5/22/2017,156310.640
5/23/2017,13534.890
5/24/2017,114380.847
5/25/2017,45760.596
5/26/2017,92490.046
5/27/2017,51119.861
5/28/2017,61727.194
5/29/2017,66096.630
5/30/2017,67006.625
5/31/2017,83834.872
6/1/2017,117511.505
6/2/2017,15086.436
6/3/2017,87605.521
6/4/2017,74344.549
6/5/2017,35106.073
6/6/2017,42214.667
6/7/2017,48523.602
6/8/2017,65243.534
6/9/2017,110958.828
6/10/2017,41821.299
6/11/2017,52530.468
6/12/2017,117745.905
6/13/2017,109099.822
6/14/2017,89106.291
6/15/2017,51994.490
6/16/2017,51399.047
6/17/2017,16586.671
6/18/2017,89712.822
6/19/2017,51440.050
6/20/2017,70198.426
6/21/2017,39789.405
6/22/2017,32476.462
6/23/2017,61643.451
6/24/2017,37819.258
6/25/2017,117548.724
6/26/2017,22489.387
6/27/2017,10333.898
6/28/2017,59888.001
6/29/2017,88500.195
6/30/2017,89459.933
7/1/2017,65286.645
7/2/2017,93530.915
7/3/2017,12907.330
7/4/2017,56846.458
7/5/2017,37536.497
7/6/2017,167397.293
7/7/2017,127270.346
7/8/2017,131798.267
7/9/2017,39286.284
7/10/2017,34181.054
7/11/2017,24649.357
7/12/2017,53347.693
7/13/2017,12636.928
7/14/2017,150776.845
7/15/2017,38180.990
7/16/2017,39770.325
7/17/2017,160077.606
7/18/2017,33756.927
7/19/2017,92729.173
7/20/2017,81441.934
7/21/2017,42327.677
7/22/2017,164082.740
7/23/2017,97493.118
7/24/2017,162327.915
7/25/2017,116502.379
7/26/2017,147601.357
7/27/2017,59210.577
7/28/2017,94709.668
7/29/2017,121577.724
7/30/2017,21059.131
7/31/2017,91215.677
8/1/2017,38822.295
8/2/2017,88798.395
8/3/2017,91308.750
8/4/2017,14803.978
8/5/2017,91839.475
8/6/2017,19872.908
8/7/2017,60764.035
8/8/2017,74315.530
8/9/2017,68273.846
8/10/2017,88969.571
8/11/2017,47724.324
8/12/2017,74323.714
8/13/2017,95053.524
8/14/2017,60171.764
8/15/2017,27324.985
8/16/2017,55307.813
8/17/2017,60412.761
8/18/2017,56123.783
8/19/2017,74135.698
8/20/2017,26987.211
8/21/2017,91689.506
8/22/2017,41019.727
8/23/2017,82208.402
8/24/2017,85805.750
8/25/2017,94116.505
8/26/2017,80015.299
8/27/2017,43252.977
8/28/2017,66356.643
8/29/2017,87570.559
8/30/2017,97396.397
8/31/2017,82293.258
9/1/2017,44154.932
9/2/2017,55996.989
9/3/2017,37708.247
9/4/2017,110264.421
9/5/2017,58381.331
9/6/2017,101493.194
9/7/2017,40590.388
9/8/2017,97273.607
9/9/2017,74980.637
9/10/2017,84065.036
9/11/2017,32567.708
9/12/2017,10679.562
9/13/2017,89890.820
9/14/2017,102205.453
9/15/2017,52989.620
9/16/2017,136131.019
9/17/2017,58586.370
9/18/2017,44425.505
9/19/2017,128324.296
9/20/2017,99227.744
9/21/2017,65058.693
9/22/2017,49639.958
9/23/2017,13461.433
9/24/2017,20973.915
9/25/2017,57751.066
9/26/2017,20692.428
9/27/2017,22774.527
9/28/2017,57185.425
9/29/2017,114854.426
9/30/2017,92617.270
10/1/2017,45665.554
10/2/2017,15759.103
10/3/2017,65028.744
10/4/2017,121077.787
10/5/2017,97760.098
10/6/2017,43824.858
10/7/2017,131768.724
10/8/2017,44559.157
10/9/2017,82146.680
10/10/2017,25059.708
10/11/2017,88272.790
10/12/2017,123490.193
10/13/2017,46426.225
10/14/2017,107227.108
10/15/2017,60446.410
10/16/2017,24383.102
10/17/2017,13893.997
10/18/2017,36896.369
10/19/2017,40066.315
10/20/2017,59898.153
10/21/2017,89962.470
10/22/2017,96757.259
10/23/2017,58469.341
10/24/2017,70057.996
10/25/2017,70046.364
10/26/2017,144339.553
10/27/2017,33895.118
10/28/2017,67259.461
10/29/2017,94738.716
10/30/2017,134213.807
10/31/2017,34001.161
11/1/2017,158616.086
11/2/2017,203966.126
11/3/2017,122265.437
11/4/2017,103060.258
11/5/2017,121892.077
11/6/2017,120347.220
11/7/2017,176033.637
11/8/2017,102781.619
11/9/2017,67009.016
11/10/2017,97644.025
11/11/2017,43688.263
11/12/2017,207711.384
11/13/2017,54624.506
11/14/2017,215639.627
11/15/2017,158495.626
11/16/2017,15577.791
11/17/2017,118890.737
11/18/2017,27118.579
11/19/2017,40529.098
11/20/2017,179523.279
11/21/2017,12223.906
11/22/2017,103338.103
11/23/2017,165219.762
11/24/2017,63535.841
11/25/2017,122600.216
11/26/2017,149235.051
11/27/2017,193675.969
11/28/2017,125281.318
11/29/2017,204482.923
11/30/2017,119191.619
12/1/2017,42902.565
12/2/2017,29770.780
12/3/2017,77523.020
12/4/2017,111216.879
12/5/2017,68231.600
12/6/2017,100555.299
12/7/2017,131760.473
12/8/2017,34476.116
12/9/2017,131101.089
12/10/2017,55877.618
12/11/2017,92977.853
12/12/2017,112132.514
12/13/2017,10165.348
12/14/2017,121515.802
12/15/2017,100773.681
12/16/2017,67163.603
12/17/2017,20060.580
12/18/2017,128538.699
12/19/2017,74312.060
12/20/2017,80089.690
12/21/2017,74444.640
12/22/2017,10412.387
12/23/2017,26541.053
12/24/2017,71411.558
12/25/2017,94848.243
12/26/2017,15639.250
12/27/2017,77522.942
12/28/2017,46554.844
12/29/2017,13398.803
12/30/2017,127383.293
12/31/2017,18658.447
1/1/2018,68261.710
1/2/2018,102841.241
1/3/2018,129247.073
1/4/2018,38819.887
1/5/2018,20746.661
1/6/2018,56660.153
1/7/2018,67499.991
1/8/2018,86880.141
1/9/2018,120314.446
1/10/2018,100568.281
1/11/2018,71946.705
1/12/2018,77640.622
1/13/2018,41509.179
1/14/2018,68933.344
1/15/2018,65341.742
1/16/2018,80051.856
1/17/2018,131195.839
1/18/2018,97031.059
1/19/2018,25766.635
1/20/2018,99410.008
1/21/2018,59099.143
1/22/2018,119702.712
1/23/2018,15846.712
1/24/2018,19067.910
1/25/2018,47881.751
1/26/2018,17095.252
1/27/2018,41866.448
1/28/2018,119186.603
1/29/2018,106864.945
1/30/2018,105755.983
1/31/2018,73681.191
2/1/2018,100073.131
2/2/2018,26836.986
2/3/2018,116188.583
2/4/2018,64966.822
2/5/2018,105421.473
2/6/2018,55442.714
2/7/2018,53583.300
2/8/2018,72886.822
2/9/2018,114093.445
2/10/2018,9563.116
2/11/2018,75444.751
2/12/2018,29040.035
2/13/2018,89055.259
2/14/2018,99558.951
2/15/2018,106027.096
2/16/2018,37070.569
2/17/2018,47631.338
2/18/2018,69241.956
2/19/2018,89226.110
2/20/2018,67735.206
2/21/2018,86746.285
2/22/2018,30409.243
2/23/2018,37092.779
2/24/2018,49177.774
2/25/2018,54094.088
2/26/2018,63195.415
2/27/2018,61798.192
2/28/2018,116322.172
3/1/2018,94709.386
3/2/2018,108937.612
3/3/2018,32814.973
3/4/2018,36624.438
3/5/2018,79999.939
3/6/2018,63701.690
3/7/2018,18115.943
3/8/2018,112829.660
3/9/2018,82801.912
3/10/2018,24838.775
3/11/2018,77704.229
3/12/2018,109014.304
3/13/2018,25095.078
3/14/2018,108849.497
3/15/2018,38470.088
3/16/2018,24164.096
3/17/2018,122089.779
3/18/2018,97913.655
3/19/2018,23121.171
3/20/2018,124243.941
3/21/2018,36494.228
3/22/2018,46723.889
3/23/2018,25484.005
3/24/2018,53964.287
3/25/2018,118081.493
3/26/2018,58890.243
3/27/2018,10951.845
3/28/2018,15295.216
3/29/2018,10640.139
3/30/2018,45888.555
3/31/2018,119521.481
4/1/2018,93598.383
4/2/2018,22289.169
4/3/2018,76361.902
4/4/2018,60205.639
4/5/2018,45059.498
4/6/2018,28783.145
4/7/2018,27245.523
4/8/2018,43804.598
4/9/2018,116846.462
4/10/2018,62611.273
4/11/2018,36889.190
4/12/2018,113192.803
4/13/2018,83410.700
4/14/2018,110073.284
4/15/2018,109256.335
4/16/2018,90752.748
4/17/2018,83438.783
4/18/2018,54517.012
4/19/2018,109943.161
4/20/2018,133496.254
4/21/2018,133405.666
4/22/2018,104466.869
4/23/2018,30624.866
4/24/2018,11223.949
4/25/2018,20911.306
4/26/2018,60573.320
4/27/2018,82015.539
4/28/2018,119970.663
4/29/2018,33933.380
4/30/2018,23936.858
5/1/2018,14446.319
5/2/2018,95198.670
5/3/2018,46901.857
5/4/2018,74665.236
5/5/2018,34321.994
5/6/2018,94999.479
5/7/2018,65031.209
5/8/2018,109283.498
5/9/2018,89932.171
5/10/2018,23663.199
5/11/2018,93256.500
5/12/2018,55414.435
5/13/2018,29842.857
5/14/2018,29442.566
5/15/2018,95281.582
5/16/2018,26170.043
5/17/2018,48016.796
5/18/2018,100720.061
5/19/2018,76774.227
5/20/2018,80950.829
5/21/2018,83077.357
5/22/2018,26452.577
5/23/2018,19486.094
5/24/2018,106329.928
5/25/2018,18012.107
5/26/2018,78234.285
5/27/2018,43867.291
5/28/2018,107825.568
5/29/2018,33033.346
5/30/2018,62088.013
5/31/2018,22727.870
6/1/2018,64506.937
6/2/2018,19208.399
6/3/2018,25454.576
6/4/2018,91750.563
6/5/2018,117266.912
6/6/2018,36255.503
6/7/2018,99115.804
6/8/2018,23692.954
6/9/2018,8086.367
6/10/2018,41180.565
6/11/2018,121772.892
6/12/2018,84161.922
6/13/2018,27579.345
6/14/2018,41634.269
6/15/2018,111231.083
6/16/2018,77054.662
6/17/2018,7113.367
6/18/2018,53345.304
6/19/2018,105376.577
6/20/2018,88963.140
6/21/2018,83857.800
6/22/2018,2169.031
6/23/2018,32793.311
6/24/2018,90837.900
6/25/2018,80786.544
6/26/2018,93650.214
6/27/2018,68498.027
6/28/2018,78269.229
6/29/2018,64976.908
6/30/2018,93372.915
7/1/2018,29443.290
7/2/2018,82275.299
7/3/2018,115735.656
7/4/2018,27050.700
7/5/2018,140983.014
7/6/2018,61491.889
7/7/2018,135414.836
7/8/2018,128927.612
7/9/2018,17393.592
7/10/2018,79508.207
7/11/2018,66860.460
7/12/2018,11737.041
7/13/2018,108617.703
7/14/2018,10819.923
7/15/2018,154306.039
7/16/2018,83446.071
7/17/2018,58809.941
7/18/2018,90421.641
7/19/2018,56763.223
7/20/2018,88670.745
7/21/2018,28318.255
7/22/2018,128456.318
7/23/2018,102817.317
7/24/2018,131302.811
7/25/2018,36859.838
7/26/2018,130550.257
7/27/2018,132487.406
7/28/2018,19918.442
7/29/2018,83842.012
7/30/2018,21672.711
7/31/2018,82907.818
8/1/2018,81772.326
8/2/2018,111015.915
8/3/2018,111545.006
8/4/2018,62310.482
8/5/2018,113740.560
8/6/2018,29783.380
8/7/2018,85620.639
8/8/2018,38086.970
8/9/2018,50952.506
8/10/2018,112696.184
8/11/2018,14839.248
8/12/2018,104611.932
8/13/2018,10534.759
8/14/2018,22952.898
8/15/2018,106289.501
8/16/2018,84953.720
8/17/2018,85381.822
8/18/2018,52376.504
8/19/2018,84533.160
8/20/2018,49489.650
8/21/2018,15541.591
8/22/2018,12897.068
8/23/2018,101698.510
8/24/2018,36083.159
8/25/2018,47780.788
8/26/2018,60674.480
8/27/2018,18442.931
8/28/2018,95077.935
8/29/2018,40337.982
8/30/2018,68157.125
8/31/2018,29403.750
9/1/2018,161130.056
9/2/2018,50866.536
9/3/2018,19866.939
9/4/2018,83751.739
9/5/2018,163257.490
9/6/2018,155989.115
9/7/2018,26599.105
9/8/2018,22192.417
9/9/2018,65963.958
9/10/2018,41185.332
9/11/2018,69536.414
9/12/2018,89646.621
9/13/2018,12940.369
9/14/2018,103188.483
9/15/2018,115387.835
9/16/2018,84781.367
9/17/2018,125036.474
9/18/2018,36821.517
9/19/2018,12943.904
9/20/2018,45372.632
9/21/2018,160982.948
9/22/2018,12107.720
9/23/2018,30804.208
9/24/2018,79316.254
9/25/2018,155515.747
9/26/2018,96344.238
9/27/2018,64265.210
9/28/2018,84620.606
9/29/2018,68345.946
9/30/2018,104594.693
10/1/2018,104538.081
10/2/2018,28794.889
10/3/2018,93616.632
10/4/2018,18786.248
10/5/2018,110302.188
10/6/2018,71853.177
10/7/2018,49338.856
10/8/2018,47737.841
10/9/2018,62844.759
10/10/2018,57441.199
10/11/2018,62698.456
10/12/2018,67167.724
10/13/2018,100064.568
10/14/2018,124310.016
10/15/2018,91665.113
10/16/2018,111677.705
10/17/2018,114599.371
10/18/2018,118877.432
10/19/2018,79431.732
10/20/2018,61185.408
10/21/2018,93740.849
10/22/2018,59058.692
10/23/2018,83094.738
10/24/2018,56772.435
10/25/2018,69943.822
10/26/2018,95097.314
10/27/2018,42112.966
10/28/2018,48856.873
10/29/2018,105202.236
10/30/2018,113777.830
10/31/2018,23725.289
11/1/2018,55987.640
11/2/2018,24835.738
11/3/2018,35363.353
11/4/2018,59808.346
11/5/2018,23372.451
11/6/2018,95206.553
11/7/2018,82135.298
11/8/2018,60705.506
11/9/2018,72261.457
11/10/2018,85094.930
11/11/2018,17728.838
11/12/2018,104889.415
11/13/2018,81238.147
11/14/2018,116334.428
11/15/2018,70091.769
11/16/2018,97770.955
11/17/2018,12593.379
11/18/2018,55518.592
11/19/2018,96708.591
11/20/2018,29578.182
11/21/2018,87453.449
11/22/2018,70288.150
11/23/2018,76884.539
11/24/2018,43678.971
11/25/2018,108734.624
11/26/2018,92168.251
11/27/2018,95937.812
11/28/2018,27727.206
11/29/2018,74846.840
11/30/2018,12000.847
12/1/2018,121778.364
12/2/2018,109931.285
12/3/2018,97115.733
12/4/2018,32492.690
12/5/2018,38018.401
12/6/2018,59259.278
12/7/2018,54002.583
12/8/2018,65245.370
12/9/2018,67103.349
12/10/2018,114958.536
12/11/2018,77513.490
12/12/2018,110789.899
12/13/2018,51888.212
12/14/2018,42047.070
12/15/2018,93512.228
12/16/2018,59582.983
12/17/2018,75286.685
12/18/2018,59244.709
12/19/2018,74841.438
12/20/2018,132804.994
12/21/2018,89079.987
12/22/2018,14400.733
12/23/2018,74361.788
12/24/2018,60629.735
12/25/2018,24961.146
12/26/2018,104505.720
12/27/2018,14250.026
12/28/2018,62711.513
12/29/2018,94018.963
12/30/2018,11616.266
12/31/2018,134683.830
1/1/2019,171559.941
1/2/2019,76550.706
1/3/2019,65965.489
1/4/2019,141440.564
1/5/2019,91327.700
1/6/2019,154901.723
1/7/2019,27900.124
1/8/2019,41595.148
1/9/2019,67827.752
1/10/2019,139019.223
1/11/2019,170009.528
1/12/2019,107469.782
1/13/2019,13052.901
1/14/2019,147860.830
1/15/2019,111465.380
1/16/2019,80231.742
1/17/2019,66239.804
1/18/2019,56669.825
1/19/2019,31994.472
1/20/2019,71842.085
1/21/2019,83499.483
1/22/2019,184733.207
1/23/2019,13613.555
1/24/2019,166238.785
1/25/2019,96566.329
1/26/2019,41898.954
1/27/2019,105397.754
1/28/2019,95566.961
1/29/2019,122300.027
1/30/2019,59041.148
1/31/2019,12414.443
2/1/2019,128109.195
2/2/2019,161014.763
2/3/2019,86379.982
2/4/2019,34374.812
2/5/2019,97463.676
2/6/2019,123718.808
2/7/2019,12961.721
2/8/2019,76473.542
2/9/2019,109261.229
2/10/2019,15220.140
2/11/2019,138791.145
2/12/2019,97869.838
2/13/2019,134126.748
2/14/2019,123145.361
2/15/2019,104218.399
2/16/2019,96561.830
2/17/2019,79569.806
2/18/2019,66428.267
2/19/2019,157151.513
2/20/2019,71815.524
2/21/2019,48979.890
2/22/2019,123501.266
2/23/2019,147747.155
2/24/2019,176564.770
2/25/2019,114557.566
2/26/2019,112593.469
2/27/2019,26305.800
2/28/2019,69032.295
3/1/2019,177249.169
3/2/2019,24530.847
3/3/2019,12063.616
3/4/2019,145812.284
3/5/2019,65180.890
3/6/2019,129789.807
3/7/2019,42999.698
3/8/2019,162402.683
3/9/2019,133335.098
3/10/2019,160108.984
3/11/2019,67221.639
3/12/2019,20939.947
3/13/2019,176165.539
3/14/2019,65211.080
3/15/2019,105297.329
3/16/2019,121836.620
3/17/2019,66912.040
3/18/2019,39160.402
3/19/2019,39433.321
3/20/2019,161023.334
3/21/2019,15334.011
3/22/2019,86870.821
3/23/2019,168714.502
3/24/2019,38403.519
3/25/2019,46128.082
3/26/2019,59066.439
3/27/2019,99779.653
3/28/2019,9733.085
3/29/2019,45694.078
3/30/2019,180968.028
3/31/2019,131928.107
4/1/2019,119503.896
4/2/2019,53683.205
4/3/2019,83848.226
4/4/2019,130539.610
4/5/2019,170333.051
4/6/2019,37622.153
4/7/2019,57214.204
4/8/2019,130214.117
4/9/2019,96781.101
4/10/2019,36624.833
4/11/2019,20914.462
4/12/2019,81307.423
4/13/2019,125406.045
4/14/2019,97574.463
4/15/2019,79751.798
4/16/2019,60546.857
4/17/2019,89443.952
4/18/2019,42228.269
4/19/2019,74717.997
4/20/2019,26295.949
4/21/2019,67665.133
4/22/2019,96366.291
4/23/2019,161681.976
4/24/2019,100127.999
4/25/2019,91640.406
4/26/2019,41545.410
4/27/2019,108092.129
4/28/2019,143672.061
4/29/2019,50927.863
4/30/2019,90040.610
5/1/2019,131649.647
5/2/2019,63887.172
5/3/2019,171434.643
5/4/2019,55723.854
5/5/2019,110772.332
5/6/2019,132787.499
5/7/2019,174725.938
5/8/2019,92423.442
5/9/2019,35192.496
5/10/2019,41845.463
5/11/2019,113044.919
5/12/2019,62887.846
5/13/2019,62559.699
5/14/2019,141598.354
5/15/2019,50425.734
5/16/2019,153598.797
5/17/2019,23481.440
5/18/2019,44458.821
5/19/2019,35633.523
5/20/2019,34781.177
5/21/2019,110135.888
5/22/2019,97875.746
5/23/2019,37577.524
5/24/2019,11083.125
5/25/2019,105810.466
5/26/2019,46570.858
5/27/2019,54166.487
5/28/2019,128163.837
5/29/2019,40323.003
5/30/2019,22569.381
5/31/2019,148734.744
6/1/2019,13879.251
6/2/2019,53000.610
6/3/2019,239596.522
6/4/2019,98595.187
6/5/2019,61146.324
6/6/2019,176322.380
6/7/2019,234112.536
6/8/2019,162774.842
6/9/2019,37722.894
6/10/2019,130891.383
6/11/2019,10381.701
6/12/2019,34065.631
6/13/2019,236532.522
6/14/2019,140837.065
6/15/2019,48950.071
6/16/2019,8096.806
6/17/2019,31603.467
6/18/2019,73560.411
6/19/2019,148691.875
6/20/2019,186946.523
6/21/2019,227089.323
6/22/2019,33688.243
6/23/2019,66573.364
6/24/2019,204425.087
6/25/2019,66908.192
6/26/2019,11003.864
6/27/2019,26488.558
6/28/2019,65688.763
6/29/2019,84788.302
6/30/2019,120245.368
7/1/2019,140532.083
7/2/2019,158444.573
7/3/2019,155005.080
7/4/2019,61165.641
7/5/2019,71988.527
7/6/2019,87731.588
7/7/2019,111962.845
7/8/2019,58346.773
7/9/2019,147351.767
7/10/2019,73117.481
7/11/2019,68505.487
7/12/2019,118007.093
7/13/2019,50260.392
7/14/2019,127182.151
7/15/2019,112855.523
7/16/2019,86468.615
7/17/2019,21658.706
7/18/2019,150392.802
7/19/2019,121581.169
7/20/2019,122409.747
7/21/2019,28719.288
7/22/2019,18417.849
7/23/2019,61543.112
7/24/2019,15239.805
7/25/2019,9983.145
7/26/2019,71149.370
7/27/2019,64847.656
7/28/2019,141707.480
7/29/2019,74518.197
7/30/2019,93038.291
7/31/2019,23949.011
8/1/2019,125483.086
8/2/2019,22800.108
8/3/2019,155324.094
8/4/2019,164423.555
8/5/2019,52988.764
8/6/2019,62588.678
8/7/2019,76664.111
8/8/2019,68022.153
8/9/2019,95927.696
8/10/2019,79380.439
8/11/2019,25643.570
8/12/2019,129971.082
8/13/2019,144515.458
8/14/2019,133719.714
8/15/2019,64821.339
8/16/2019,77950.118
8/17/2019,59126.426
8/18/2019,11152.762
8/19/2019,8382.602
8/20/2019,117165.677
8/21/2019,77082.891
8/22/2019,82144.689
8/23/2019,118086.763
8/24/2019,132313.215
8/25/2019,126940.859
8/26/2019,73891.132
8/27/2019,18710.584
8/28/2019,37045.921
8/29/2019,51105.881
8/30/2019,54324.439
8/31/2019,96300.649
9/1/2019,29466.811
9/2/2019,82163.940
9/3/2019,128864.710
9/4/2019,38911.280
9/5/2019,29360.593
9/6/2019,129532.247
9/7/2019,152688.867
9/8/2019,90848.202
9/9/2019,98564.968
9/10/2019,148493.347
9/11/2019,26899.807
9/12/2019,67475.465
9/13/2019,129516.160
9/14/2019,36569.294
9/15/2019,98774.555
9/16/2019,78719.329
9/17/2019,141390.402
9/18/2019,81431.709
9/19/2019,18781.206
9/20/2019,142073.824
9/21/2019,48771.485
9/22/2019,105427.498
9/23/2019,151121.079
9/24/2019,76997.339
9/25/2019,54825.853
9/26/2019,107786.981
9/27/2019,120413.083
9/28/2019,115333.650
9/29/2019,56894.276
9/30/2019,91329.903
10/1/2019,119448.420
10/2/2019,46251.811
10/3/2019,252847.142
10/4/2019,10537.678
10/5/2019,149475.826
10/6/2019,66112.927
10/7/2019,175871.238
10/8/2019,15160.708
10/9/2019,215817.746
10/10/2019,250276.835
10/11/2019,123040.984
10/12/2019,273014.020
10/13/2019,12902.179
10/14/2019,310147.673
10/15/2019,157944.644
10/16/2019,139123.612
10/17/2019,258779.514
10/18/2019,77706.671
10/19/2019,297982.538
10/20/2019,48468.933
10/21/2019,190474.494
10/22/2019,14262.502
10/23/2019,29726.388
10/24/2019,73448.284
10/25/2019,259918.272
10/26/2019,86936.609
10/27/2019,192441.531
10/28/2019,303002.271
10/29/2019,188863.070
10/30/2019,69517.999
10/31/2019,57264.087
11/1/2019,116231.480
11/2/2019,143674.689
11/3/2019,84004.185
11/4/2019,123493.910
11/5/2019,50169.087
11/6/2019,94097.290
11/7/2019,135062.496
11/8/2019,44401.107
11/9/2019,19823.413
11/10/2019,27088.901
11/11/2019,91992.075
11/12/2019,30483.688
11/13/2019,97622.585
11/14/2019,26883.232
11/15/2019,146101.228
11/16/2019,133605.728
11/17/2019,87166.470
11/18/2019,28214.332
11/19/2019,11946.036
11/20/2019,57881.841
11/21/2019,27204.901
11/22/2019,26408.323
11/23/2019,124752.150
11/24/2019,99900.422
11/25/2019,14998.194
11/26/2019,108241.683
11/27/2019,87738.612
11/28/2019,15620.784
11/29/2019,99402.260
11/30/2019,89432.497
12/1/2019,38833.658
12/2/2019,122380.518
12/3/2019,89521.326
12/4/2019,98674.146
12/5/2019,94245.623
12/6/2019,36478.267
12/7/2019,33605.685
12/8/2019,105367.243
12/9/2019,116831.179
12/10/2019,30993.778
12/11/2019,60583.299
12/12/2019,67173.844
12/13/2019,20874.462
12/14/2019,52264.941
12/15/2019,117658.649
12/16/2019,122754.786
12/17/2019,22189.403
12/18/2019,27496.371
12/19/2019,68678.048
12/20/2019,64138.250
12/21/2019,31802.597
12/22/2019,137173.102
12/23/2019,34095.685
12/24/2019,138224.592
12/25/2019,56379.676
12/26/2019,89814.550
12/27/2019,43760.238
12/28/2019,14248.939
12/29/2019,52172.461
12/30/2019,46372.100
12/31/2019,74012.273